[
  {
    "category_id": 301,
    "category_name": "Categories",
    "depth": 2,
    "parent_id": null
  },
  {
    "category_id": 302,
    "category_name": "Clothing",
    "depth": 0,
    "parent_id": 301
  },
  {
    "category_id": 313,
    "category_name": "Skirt",
    "depth": 0,
    "parent_id": 302
  },
  {
    "category_id": 316,
    "category_name": "Bottom",
    "depth": 0,
    "parent_id": 302
  },
  {
    "category_id": 322,
    "category_name": "Other Clothing",
    "depth": 0,
    "parent_id": 516
  },
  {
    "category_id": 325,
    "category_name": "Dress",
    "depth": 0,
    "parent_id": 302
  },
  {
    "category_id": 328,
    "category_name": "Homewear",
    "depth": 0,
    "parent_id": 302
  },
  {
    "category_id": 337,
    "category_name": "Accessories",
    "depth": 1,
    "parent_id": 301
  },
  {
    "category_id": 368,
    "category_name": "Other Accessories",
    "depth": 0,
    "parent_id": 337
  },
  {
    "category_id": 372,
    "category_name": "Bag",
    "depth": 0,
    "parent_id": 337
  },
  {
    "category_id": 411,
    "category_name": "Headwear",
    "depth": 0,
    "parent_id": 337
  },
  {
    "category_id": 427,
    "category_name": "Jewelry",
    "depth": 0,
    "parent_id": 337
  },
  {
    "category_id": 449,
    "category_name": "Home",
    "depth": 2,
    "parent_id": null
  },
  {
    "category_id": 450,
    "category_name": "Bedding",
    "depth": 0,
    "parent_id": 449
  },
  {
    "category_id": 476,
    "category_name": "Rug",
    "depth": 0,
    "parent_id": 449
  },
  {
    "category_id": 481,
    "category_name": "Kitchen",
    "depth": 1,
    "parent_id": 449
  },
  {
    "category_id": 492,
    "category_name": "Cozy",
    "depth": 1,
    "parent_id": 449
  },
  {
    "category_id": 514,
    "category_name": "Bookmark",
    "depth": 0,
    "parent_id": 449
  },
  {
    "category_id": 516,
    "category_name": "Decorative",
    "depth": 1,
    "parent_id": 449
  },
  {
    "category_id": 526,
    "category_name": "Toys and Hobbies",
    "depth": 1,
    "parent_id": 301
  },
  {
    "category_id": 528,
    "category_name": "Doll Clothes",
    "depth": 0,
    "parent_id": 526
  },
  {
    "category_id": 532,
    "category_name": "Food",
    "depth": 0,
    "parent_id": 526
  },
  {
    "category_id": 537,
    "category_name": "Figure",
    "depth": 0,
    "parent_id": 526
  },
  {
    "category_id": 543,
    "category_name": "Costume / Puppet",
    "depth": 0,
    "parent_id": 526
  },
  {
    "category_id": 565,
    "category_name": "Pet",
    "depth": 1,
    "parent_id": 301
  },
  {
    "category_id": 568,
    "category_name": "Accessory",
    "depth": 0,
    "parent_id": 565
  },
  {
    "category_id": 569,
    "category_name": "Toys",
    "depth": 0,
    "parent_id": 565
  },
  {
    "category_id": 570,
    "category_name": "Components",
    "depth": 1,
    "parent_id": 301
  },
  {
    "category_id": 571,
    "category_name": "Tutorial",
    "depth": 0,
    "parent_id": 570
  },
  {
    "category_id": 572,
    "category_name": "Edging",
    "depth": 0,
    "parent_id": 570
  },
  {
    "category_id": 577,
    "category_name": "Afghan block",
    "depth": 0,
    "parent_id": 570
  },
  {
    "category_id": 580,
    "category_name": "Stitch pattern",
    "depth": 0,
    "parent_id": 570
  },
  {
    "category_id": 581,
    "category_name": "Chart",
    "depth": 0,
    "parent_id": 570
  },
  {
    "category_id": 911,
    "category_name": "Applique Embellishment",
    "depth": 0,
    "parent_id": 570
  },
  {
    "category_id": 912,
    "category_name": "Top",
    "depth": 0,
    "parent_id": 302
  },
  {
    "category_id": 999,
    "category_name": "Other",
    "depth": 1,
    "parent_id": 301
  }
]