[
  {
    "comment_id": 3,
    "created_date": "2022-01-01 00:00:00",
    "updated_date": "2022-01-01 00:00:00",
    "content": "이번 겨울에 뜨개질로 목도리 만들어볼까요?",
    "board_id": 278,
    "member_id": 4032
  },
  {
    "comment_id": 4,
    "created_date": "2022-01-02 00:00:00",
    "updated_date": "2022-01-02 00:00:00",
    "content": "요즘 뜨개질로 실내화 만드는 것이 유행이라던데, 도전해보시는 건 어떨까요?",
    "board_id": 138,
    "member_id": 22393
  },
  {
    "comment_id": 5,
    "created_date": "2022-01-03 00:00:00",
    "updated_date": "2022-01-03 00:00:00",
    "content": "안녕하세요~! 뜨개질 초보인데, 추천할만한 패턴 있으신가요?",
    "board_id": 415,
    "member_id": 82748
  },
  {
    "comment_id": 6,
    "created_date": "2022-01-04 00:00:00",
    "updated_date": "2022-01-04 00:00:00",
    "content": "이번에는 캐릭터 인형을 뜨개질로 만들어봐야겠어요!",
    "board_id": 360,
    "member_id": 36631
  },
  {
    "comment_id": 7,
    "created_date": "2022-01-05 00:00:00",
    "updated_date": "2022-01-05 00:00:00",
    "content": "요즘은 뜨개질로 양말 만드는 것도 인기가 있대요~!",
    "board_id": 432,
    "member_id": 774
  },
  {
    "comment_id": 8,
    "created_date": "2022-01-06 00:00:00",
    "updated_date": "2022-01-06 00:00:00",
    "content": "뜨개질로 팔찌를 만들어 보세요! 올해는 팔찌가 유행이래요~",
    "board_id": 160,
    "member_id": 4787
  },
  {
    "comment_id": 9,
    "created_date": "2022-01-01 00:00:00",
    "updated_date": "2022-01-01 00:00:00",
    "content": "이번 겨울에 뜨개질로 목도리 만들어볼까요?",
    "board_id": 222,
    "member_id": 20392
  },
  {
    "comment_id": 10,
    "created_date": "2022-01-02 00:00:00",
    "updated_date": "2022-01-02 00:00:00",
    "content": "요즘 뜨개질로 실내화 만드는 것이 유행이라던데, 도전해보시는 건 어떨까요?",
    "board_id": 138,
    "member_id": 33927
  },
  {
    "comment_id": 11,
    "created_date": "2022-01-03 00:00:00",
    "updated_date": "2022-01-03 00:00:00",
    "content": "안녕하세요~! 뜨개질 초보인데, 추천할만한 패턴 있으신가요?",
    "board_id": 71,
    "member_id": 36301
  },
  {
    "comment_id": 12,
    "created_date": "2022-01-04 00:00:00",
    "updated_date": "2022-01-04 00:00:00",
    "content": "이 패턴을 이용해서 가방을 만들어봤는데, 퀄리티가 좋아서 좋아요!",
    "board_id": 152,
    "member_id": 1072
  },
  {
    "comment_id": 13,
    "created_date": "2022-01-05 00:00:00",
    "updated_date": "2022-01-05 00:00:00",
    "content": "굿굿",
    "board_id": 146,
    "member_id": 25817
  },
  {
    "comment_id": 14,
    "created_date": "2022-01-06 00:00:00",
    "updated_date": "2022-01-06 00:00:00",
    "content": "너무 좋아요",
    "board_id": 300,
    "member_id": 4500
  },
  {
    "comment_id": 15,
    "created_date": "2022-01-01 00:00:00",
    "updated_date": "2022-01-01 00:00:00",
    "content": "저도 이 패턴으로 무언가 만들어보고 싶네요!",
    "board_id": 156,
    "member_id": 19007
  },
  {
    "comment_id": 16,
    "created_date": "2022-01-02 00:00:00",
    "updated_date": "2022-01-02 00:00:00",
    "content": "이 패턴을 이용해서 담요를 만들어봤는데, 엄청나게 따뜻해요!",
    "board_id": 140,
    "member_id": 6699
  },
  {
    "comment_id": 17,
    "created_date": "2022-01-03 00:00:00",
    "updated_date": "2022-01-03 00:00:00",
    "content": "안녕하세요~! 뜨개질 초보인데, 추천할만한 패턴 있으신가요?",
    "board_id": 134,
    "member_id": 27952
  },
  {
    "comment_id": 18,
    "created_date": "2022-01-04 00:00:00",
    "updated_date": "2022-01-04 00:00:00",
    "content": "이 패턴을 이용해서 가방을 만들어봤는데, 퀄리티가 좋아서 좋아요!",
    "board_id": 165,
    "member_id": 9447
  },
  {
    "comment_id": 19,
    "created_date": "2022-01-05 00:00:00",
    "updated_date": "2022-01-05 00:00:00",
    "content": "굿굿",
    "board_id": 167,
    "member_id": 16423
  },
  {
    "comment_id": 20,
    "created_date": "2022-01-06 00:00:00",
    "updated_date": "2022-01-06 00:00:00",
    "content": "너무 좋아요",
    "board_id": 166,
    "member_id": 19061
  },
  {
    "comment_id": 21,
    "created_date": "2022-01-01 00:00:00",
    "updated_date": "2022-01-01 00:00:00",
    "content": "이 패턴이 너무 이쁘네요!",
    "board_id": 158,
    "member_id": 1141
  },
  {
    "comment_id": 22,
    "created_date": "2022-01-02 00:00:00",
    "updated_date": "2022-01-02 00:00:00",
    "content": "이 패턴을 이용해서 담요를 만들어봤는데, 엄청나게 따뜻해요!",
    "board_id": 126,
    "member_id": 29866
  },
  {
    "comment_id": 23,
    "created_date": "2022-01-03 00:00:00",
    "updated_date": "2022-01-03 00:00:00",
    "content": "이 패턴을 이용해서 어떤 것을 만들어보려고 생각중입니다.",
    "board_id": 188,
    "member_id": 2415
  },
  {
    "comment_id": 24,
    "created_date": "2022-01-04 00:00:00",
    "updated_date": "2022-01-04 00:00:00",
    "content": "이 패턴을 이용해서 가방을 만들어봤는데, 퀄리티가 좋아서 좋아요!",
    "board_id": 121,
    "member_id": 4953
  },
  {
    "comment_id": 25,
    "created_date": "2022-01-05 00:00:00",
    "updated_date": "2022-01-05 00:00:00",
    "content": "이 패턴으로 무언가를 만들어보는 것이 새로운 도전이 될 것 같아요.",
    "board_id": 145,
    "member_id": 1259
  },
  {
    "comment_id": 26,
    "created_date": "2022-01-06 00:00:00",
    "updated_date": "2022-01-06 00:00:00",
    "content": "이 패턴을 이용해서 모자를 만들어봤는데, 멋있게 나온 것 같아요!",
    "board_id": 185,
    "member_id": 958
  },
  {
    "comment_id": 27,
    "created_date": "2022-01-01 00:00:00",
    "updated_date": "2022-01-01 00:00:00",
    "content": "저는 이 패턴을 어떻게 다듬어야 할까요?",
    "board_id": 143,
    "member_id": 12405
  },
  {
    "comment_id": 28,
    "created_date": "2022-01-02 00:00:00",
    "updated_date": "2022-01-02 00:00:00",
    "content": "이 패턴을 이용해서 담요를 만들어봤는데, 엄청나게 따뜻해요!",
    "board_id": 109,
    "member_id": 2777
  },
  {
    "comment_id": 29,
    "created_date": "2022-01-03 00:00:00",
    "updated_date": "2022-01-03 00:00:00",
    "content": "저도 이 패턴을 이용해서 자켓을 만들어봤는데 너무 좋아요!",
    "board_id": 158,
    "member_id": 36794
  },
  {
    "comment_id": 30,
    "created_date": "2022-01-04 00:00:00",
    "updated_date": "2022-01-04 00:00:00",
    "content": "이 패턴을 이용해서 가방을 만들어봤는데, 퀄리티가 좋아서 좋아요!",
    "board_id": 186,
    "member_id": 32739
  },
  {
    "comment_id": 31,
    "created_date": "2022-01-05 00:00:00",
    "updated_date": "2022-01-05 00:00:00",
    "content": "이 패턴으로 무언가를 만들어보는 것이 새로운 도전이 될 것 같아요.",
    "board_id": 149,
    "member_id": 14000
  },
  {
    "comment_id": 32,
    "created_date": "2022-01-06 00:00:00",
    "updated_date": "2022-01-06 00:00:00",
    "content": "이 패턴을 보니 뜨개질하는 것이 정말 재밌을 것 같아요.",
    "board_id": 182,
    "member_id": 30326
  },
  {
    "comment_id": 33,
    "created_date": "2022-01-01 00:00:00",
    "updated_date": "2022-01-01 00:00:00",
    "content": "저는 이 패턴을 어떻게 다듬어야 할까요?",
    "board_id": 124,
    "member_id": 490
  },
  {
    "comment_id": 34,
    "created_date": "2022-01-02 00:00:00",
    "updated_date": "2022-01-02 00:00:00",
    "content": "이 패턴을 이용해서 담요를 만들어봤는데, 엄청나게 따뜻해요!",
    "board_id": 169,
    "member_id": 19095
  },
  {
    "comment_id": 35,
    "created_date": "2022-01-03 00:00:00",
    "updated_date": "2022-01-03 00:00:00",
    "content": "저도 이 패턴을 이용해서 자켓을 만들어봤는데 너무 좋아요!",
    "board_id": 165,
    "member_id": 37062
  },
  {
    "comment_id": 36,
    "created_date": "2022-01-04 00:00:00",
    "updated_date": "2022-01-04 00:00:00",
    "content": "이 패턴을 이용해서 가방을 만들어봤는데, 퀄리티가 좋아서 좋아요!",
    "board_id": 152,
    "member_id": 24660
  },
  {
    "comment_id": 37,
    "created_date": "2022-01-05 00:00:00",
    "updated_date": "2022-01-05 00:00:00",
    "content": "이 패턴으로 무언가를 만들어보는 것이 새로운 도전이 될 것 같아요.",
    "board_id": 124,
    "member_id": 15805
  },
  {
    "comment_id": 38,
    "created_date": "2022-01-06 00:00:00",
    "updated_date": "2022-01-06 00:00:00",
    "content": "이 패턴을 보니 뜨개질하는 것이 정말 재밌을 것 같아요.",
    "board_id": 190,
    "member_id": 2110
  },
  {
    "comment_id": 39,
    "created_date": "2022-01-01 00:00:00",
    "updated_date": "2022-01-01 00:00:00",
    "content": "저는 이 패턴을 어떻게 다듬어야 할까요?",
    "board_id": 153,
    "member_id": 26948
  },
  {
    "comment_id": 40,
    "created_date": "2022-01-02 00:00:00",
    "updated_date": "2022-01-02 00:00:00",
    "content": "이 패턴을 이용해서 담요를 만들어봤는데, 엄청나게 따뜻해요!",
    "board_id": 187,
    "member_id": 5162
  },
  {
    "comment_id": 41,
    "created_date": "2022-01-03 00:00:00",
    "updated_date": "2022-01-03 00:00:00",
    "content": "저도 이 패턴을 이용해서 자켓을 만들어봤는데 너무 좋아요!",
    "board_id": 162,
    "member_id": 10213
  },
  {
    "comment_id": 42,
    "created_date": "2022-01-04 00:00:00",
    "updated_date": "2022-01-04 00:00:00",
    "content": "이 패턴을 이용해서 가방을 만들어봤는데, 퀄리티가 좋아서 좋아요!",
    "board_id": 189,
    "member_id": 4909
  },
  {
    "comment_id": 43,
    "created_date": "2022-01-05 00:00:00",
    "updated_date": "2022-01-05 00:00:00",
    "content": "이 패턴으로 무언가를 만들어보는 것이 새로운 도전이 될 것 같아요.",
    "board_id": 161,
    "member_id": 81047
  },
  {
    "comment_id": 44,
    "created_date": "2022-01-06 00:00:00",
    "updated_date": "2022-01-06 00:00:00",
    "content": "이 패턴을 보니 뜨개질하는 것이 정말 재밌을 것 같아요.",
    "board_id": 472,
    "member_id": 34543
  },
  {
    "comment_id": 45,
    "created_date": "2022-01-01 00:00:00",
    "updated_date": "2022-01-01 00:00:00",
    "content": "소모임에 관심있어요",
    "board_id": 214,
    "member_id": 19248
  },
  {
    "comment_id": 46,
    "created_date": "2022-01-01 00:00:00",
    "updated_date": "2022-01-01 00:00:00",
    "content": "소모임에 관심있어요",
    "board_id": 242,
    "member_id": 3870
  },
  {
    "comment_id": 47,
    "created_date": "2022-01-01 00:00:00",
    "updated_date": "2022-01-01 00:00:00",
    "content": "소모임에 관심있어요",
    "board_id": 315,
    "member_id": 4067
  },
  {
    "comment_id": 48,
    "created_date": "2022-01-01 00:00:00",
    "updated_date": "2022-01-01 00:00:00",
    "content": "소모임에 관심있어요",
    "board_id": 293,
    "member_id": 2303
  },
  {
    "comment_id": 49,
    "created_date": "2022-01-01 00:00:00",
    "updated_date": "2022-01-01 00:00:00",
    "content": "소모임에 관심있어요",
    "board_id": 308,
    "member_id": 28443
  },
  {
    "comment_id": 50,
    "created_date": "2022-01-01 00:00:00",
    "updated_date": "2022-01-01 00:00:00",
    "content": "소모임에 관심있어요",
    "board_id": 239,
    "member_id": 11187
  },
  {
    "comment_id": 51,
    "created_date": "2022-01-01 00:00:00",
    "updated_date": "2022-01-01 00:00:00",
    "content": "소모임에 관심있어요",
    "board_id": 305,
    "member_id": 8672
  },
  {
    "comment_id": 52,
    "created_date": "2022-01-01 00:00:00",
    "updated_date": "2022-01-01 00:00:00",
    "content": "소모임에 관심있어요",
    "board_id": 299,
    "member_id": 19779
  },
  {
    "comment_id": 53,
    "created_date": "2022-01-01 00:00:00",
    "updated_date": "2022-01-01 00:00:00",
    "content": "소모임에 관심있어요",
    "board_id": 292,
    "member_id": 22745
  },
  {
    "comment_id": 54,
    "created_date": "2022-01-01 00:00:00",
    "updated_date": "2022-01-01 00:00:00",
    "content": "소모임에 관심있어요",
    "board_id": 240,
    "member_id": 24399
  },
  {
    "comment_id": 55,
    "created_date": "2022-01-01 00:00:00",
    "updated_date": "2022-01-01 00:00:00",
    "content": "소모임에 관심있어요",
    "board_id": 300,
    "member_id": 15087
  },
  {
    "comment_id": 56,
    "created_date": "2022-01-01 00:00:00",
    "updated_date": "2022-01-01 00:00:00",
    "content": "소모임에 관심있어요",
    "board_id": 290,
    "member_id": 25718
  },
  {
    "comment_id": 57,
    "created_date": "2022-01-01 00:00:00",
    "updated_date": "2022-01-01 00:00:00",
    "content": "소모임에 관심있어요",
    "board_id": 220,
    "member_id": 75959
  },
  {
    "comment_id": 58,
    "created_date": "2022-01-01 00:00:00",
    "updated_date": "2022-01-01 00:00:00",
    "content": "소모임에 관심있어요",
    "board_id": 227,
    "member_id": 33755
  },
  {
    "comment_id": 59,
    "created_date": "2022-01-01 00:00:00",
    "updated_date": "2022-01-01 00:00:00",
    "content": "소모임에 관심있어요",
    "board_id": 292,
    "member_id": 4835
  },
  {
    "comment_id": 60,
    "created_date": "2022-01-01 00:00:00",
    "updated_date": "2022-01-01 00:00:00",
    "content": "소모임에 관심있어요",
    "board_id": 288,
    "member_id": 16194
  },
  {
    "comment_id": 61,
    "created_date": "2022-01-01 00:00:00",
    "updated_date": "2022-01-01 00:00:00",
    "content": "소모임에 관심있어요",
    "board_id": 302,
    "member_id": 1119
  },
  {
    "comment_id": 62,
    "created_date": "2022-01-01 00:00:00",
    "updated_date": "2022-01-01 00:00:00",
    "content": "소모임에 관심있어요",
    "board_id": 240,
    "member_id": 28271
  },
  {
    "comment_id": 63,
    "created_date": "2022-01-01 00:00:00",
    "updated_date": "2022-01-01 00:00:00",
    "content": "소모임에 관심있어요",
    "board_id": 302,
    "member_id": 4598
  },
  {
    "comment_id": 64,
    "created_date": "2022-01-01 00:00:00",
    "updated_date": "2022-01-01 00:00:00",
    "content": "소모임에 관심있어요",
    "board_id": 215,
    "member_id": 4631
  },
  {
    "comment_id": 65,
    "created_date": "2022-01-01 00:00:00",
    "updated_date": "2022-01-01 00:00:00",
    "content": "소모임에 관심있어요",
    "board_id": 288,
    "member_id": 7251
  },
  {
    "comment_id": 66,
    "created_date": "2022-01-01 00:00:00",
    "updated_date": "2022-01-01 00:00:00",
    "content": "소모임에 관심있어요",
    "board_id": 313,
    "member_id": 19221
  },
  {
    "comment_id": 67,
    "created_date": "2022-01-01 00:00:00",
    "updated_date": "2022-01-01 00:00:00",
    "content": "소모임에 관심있어요",
    "board_id": 218,
    "member_id": 5869
  },
  {
    "comment_id": 68,
    "created_date": "2022-01-01 00:00:00",
    "updated_date": "2022-01-01 00:00:00",
    "content": "소모임에 관심있어요",
    "board_id": 309,
    "member_id": 131
  },
  {
    "comment_id": 69,
    "created_date": "2022-01-01 00:00:00",
    "updated_date": "2022-01-01 00:00:00",
    "content": "소모임에 관심있어요",
    "board_id": 278,
    "member_id": 6393
  },
  {
    "comment_id": 70,
    "created_date": "2022-01-01 00:00:00",
    "updated_date": "2022-01-01 00:00:00",
    "content": "소모임에 관심있어요",
    "board_id": 245,
    "member_id": 30972
  },
  {
    "comment_id": 71,
    "created_date": "2022-01-01 00:00:00",
    "updated_date": "2022-01-01 00:00:00",
    "content": "소모임에 관심있어요",
    "board_id": 286,
    "member_id": 26076
  },
  {
    "comment_id": 72,
    "created_date": "2022-01-01 00:00:00",
    "updated_date": "2022-01-01 00:00:00",
    "content": "소모임에 관심있어요",
    "board_id": 294,
    "member_id": 13999
  },
  {
    "comment_id": 73,
    "created_date": "2022-01-01 00:00:00",
    "updated_date": "2022-01-01 00:00:00",
    "content": "소모임에 관심있어요",
    "board_id": 299,
    "member_id": 6379
  },
  {
    "comment_id": 74,
    "created_date": "2022-01-01 00:00:00",
    "updated_date": "2022-01-01 00:00:00",
    "content": "소모임에 관심있어요",
    "board_id": 251,
    "member_id": 3972
  },
  {
    "comment_id": 75,
    "created_date": "2022-01-01 00:00:00",
    "updated_date": "2022-01-01 00:00:00",
    "content": "소모임에 관심있어요",
    "board_id": 238,
    "member_id": 26909
  },
  {
    "comment_id": 76,
    "created_date": "2022-01-01 00:00:00",
    "updated_date": "2022-01-01 00:00:00",
    "content": "소모임에 관심있어요",
    "board_id": 296,
    "member_id": 21528
  },
  {
    "comment_id": 77,
    "created_date": "2022-01-01 00:00:00",
    "updated_date": "2022-01-01 00:00:00",
    "content": "소모임에 관심있어요",
    "board_id": 232,
    "member_id": 18703
  },
  {
    "comment_id": 78,
    "created_date": "2022-01-01 00:00:00",
    "updated_date": "2022-01-01 00:00:00",
    "content": "소모임에 관심있어요",
    "board_id": 231,
    "member_id": 16493
  },
  {
    "comment_id": 79,
    "created_date": "2022-01-01 00:00:00",
    "updated_date": "2022-01-01 00:00:00",
    "content": "소모임에 관심있어요",
    "board_id": 220,
    "member_id": 3229
  },
  {
    "comment_id": 80,
    "created_date": "2022-01-01 00:00:00",
    "updated_date": "2022-01-01 00:00:00",
    "content": "소모임에 관심있어요",
    "board_id": 236,
    "member_id": 33745
  },
  {
    "comment_id": 81,
    "created_date": "2022-01-01 00:00:00",
    "updated_date": "2022-01-01 00:00:00",
    "content": "소모임에 관심있어요",
    "board_id": 227,
    "member_id": 4872
  },
  {
    "comment_id": 82,
    "created_date": "2022-01-01 00:00:00",
    "updated_date": "2022-01-01 00:00:00",
    "content": "소모임에 관심있어요",
    "board_id": 304,
    "member_id": 34672
  },
  {
    "comment_id": 83,
    "created_date": "2022-01-01 00:00:00",
    "updated_date": "2022-01-01 00:00:00",
    "content": "소모임에 관심있어요",
    "board_id": 253,
    "member_id": 7309
  },
  {
    "comment_id": 84,
    "created_date": "2022-01-01 00:00:00",
    "updated_date": "2022-01-01 00:00:00",
    "content": "소모임에 관심있어요",
    "board_id": 286,
    "member_id": 4610
  },
  {
    "comment_id": 85,
    "created_date": "2022-01-01 00:00:00",
    "updated_date": "2022-01-01 00:00:00",
    "content": "소모임에 관심있어요",
    "board_id": 253,
    "member_id": 5396
  },
  {
    "comment_id": 86,
    "created_date": "2022-01-01 00:00:00",
    "updated_date": "2022-01-01 00:00:00",
    "content": "소모임에 관심있어요",
    "board_id": 249,
    "member_id": 32580
  },
  {
    "comment_id": 87,
    "created_date": "2022-01-01 00:00:00",
    "updated_date": "2022-01-01 00:00:00",
    "content": "소모임에 관심있어요",
    "board_id": 297,
    "member_id": 23908
  },
  {
    "comment_id": 88,
    "created_date": "2022-01-01 00:00:00",
    "updated_date": "2022-01-01 00:00:00",
    "content": "소모임에 관심있어요",
    "board_id": 302,
    "member_id": 242
  },
  {
    "comment_id": 89,
    "created_date": "2022-01-01 00:00:00",
    "updated_date": "2022-01-01 00:00:00",
    "content": "소모임에 관심있어요",
    "board_id": 247,
    "member_id": 5529
  },
  {
    "comment_id": 90,
    "created_date": "2023-04-06 21:13:48.959000",
    "updated_date": "2023-04-06 21:13:48.959000",
    "content": "댓글입니다",
    "board_id": 1,
    "member_id": 140202
  },
  {
    "comment_id": 91,
    "created_date": "2023-04-06 21:25:44.500000",
    "updated_date": "2023-04-06 21:25:44.500000",
    "content": "댓글입니다222",
    "board_id": 1,
    "member_id": 140202
  }
]