[
  {
    "thumbnail_id": 13,
    "board_id": 468
  },
  {
    "thumbnail_id": 14,
    "board_id": 469
  },
  {
    "thumbnail_id": 15,
    "board_id": 470
  },
  {
    "thumbnail_id": 16,
    "board_id": 471
  },
  {
    "thumbnail_id": 17,
    "board_id": 472
  },
  {
    "thumbnail_id": 18,
    "board_id": 473
  },
  {
    "thumbnail_id": 19,
    "board_id": 474
  },
  {
    "thumbnail_id": 20,
    "board_id": 475
  },
  {
    "thumbnail_id": 21,
    "board_id": 476
  },
  {
    "thumbnail_id": 22,
    "board_id": 477
  },
  {
    "thumbnail_id": 23,
    "board_id": 478
  },
  {
    "thumbnail_id": 24,
    "board_id": 479
  },
  {
    "thumbnail_id": 25,
    "board_id": 480
  },
  {
    "thumbnail_id": 26,
    "board_id": 481
  },
  {
    "thumbnail_id": 27,
    "board_id": 482
  },
  {
    "thumbnail_id": 28,
    "board_id": 483
  },
  {
    "thumbnail_id": 29,
    "board_id": 484
  },
  {
    "thumbnail_id": 30,
    "board_id": 485
  },
  {
    "thumbnail_id": 31,
    "board_id": 486
  },
  {
    "thumbnail_id": 32,
    "board_id": 487
  }
]