[
  {
    "keyword_id": 1,
    "name": "male"
  },
  {
    "keyword_id": 2,
    "name": "female"
  },
  {
    "keyword_id": 3,
    "name": "unisex"
  },
  {
    "keyword_id": 4,
    "name": "baby"
  },
  {
    "keyword_id": 6,
    "name": "preemie"
  },
  {
    "keyword_id": 7,
    "name": "toddler"
  },
  {
    "keyword_id": 8,
    "name": "child"
  },
  {
    "keyword_id": 9,
    "name": "teen"
  },
  {
    "keyword_id": 10,
    "name": "adult"
  },
  {
    "keyword_id": 11,
    "name": "oversized-fit"
  },
  {
    "keyword_id": 13,
    "name": "petite-fit"
  },
  {
    "keyword_id": 14,
    "name": "plus-fit"
  },
  {
    "keyword_id": 18,
    "name": "fitted"
  },
  {
    "keyword_id": 66,
    "name": "stripes"
  },
  {
    "keyword_id": 86,
    "name": "seamed"
  },
  {
    "keyword_id": 91,
    "name": "boat-neck"
  },
  {
    "keyword_id": 93,
    "name": "collar"
  },
  {
    "keyword_id": 97,
    "name": "crew-neck"
  },
  {
    "keyword_id": 103,
    "name": "scoop-neck"
  },
  {
    "keyword_id": 104,
    "name": "square-neck"
  },
  {
    "keyword_id": 106,
    "name": "turtle-neck"
  },
  {
    "keyword_id": 107,
    "name": "v-neck"
  },
  {
    "keyword_id": 117,
    "name": "long"
  },
  {
    "keyword_id": 119,
    "name": "short"
  },
  {
    "keyword_id": 121,
    "name": "sleeveless"
  },
  {
    "keyword_id": 181,
    "name": "stranded"
  },
  {
    "keyword_id": 184,
    "name": "Intarsia"
  },
  {
    "keyword_id": 205,
    "name": "seamless"
  },
  {
    "keyword_id": 206,
    "name": "short-rows"
  },
  {
    "keyword_id": 211,
    "name": "top-down"
  },
  {
    "keyword_id": 212,
    "name": "bottom-up"
  },
  {
    "keyword_id": 253,
    "name": "mock-turtle"
  },
  {
    "keyword_id": 265,
    "name": "chart"
  },
  {
    "keyword_id": 267,
    "name": "written-pattern"
  },
  {
    "keyword_id": 268,
    "name": "video-tutorial"
  },
  {
    "keyword_id": 285,
    "name": "worked-flat"
  }
]