[
  {
    "material_id": 179,
    "pattern_id": 16
  },
  {
    "material_id": 298,
    "pattern_id": 16
  },
  {
    "material_id": 180,
    "pattern_id": 1337
  },
  {
    "material_id": 299,
    "pattern_id": 1337
  },
  {
    "material_id": 181,
    "pattern_id": 102130
  },
  {
    "material_id": 300,
    "pattern_id": 102130
  },
  {
    "material_id": 182,
    "pattern_id": 196921
  },
  {
    "material_id": 301,
    "pattern_id": 196921
  },
  {
    "material_id": 183,
    "pattern_id": 17
  },
  {
    "material_id": 302,
    "pattern_id": 17
  },
  {
    "material_id": 184,
    "pattern_id": 1259
  },
  {
    "material_id": 303,
    "pattern_id": 1259
  },
  {
    "material_id": 185,
    "pattern_id": 125553
  },
  {
    "material_id": 304,
    "pattern_id": 125553
  },
  {
    "material_id": 186,
    "pattern_id": 19454
  },
  {
    "material_id": 305,
    "pattern_id": 19454
  },
  {
    "material_id": 187,
    "pattern_id": 11701
  },
  {
    "material_id": 306,
    "pattern_id": 11701
  },
  {
    "material_id": 188,
    "pattern_id": 1977
  },
  {
    "material_id": 307,
    "pattern_id": 1977
  },
  {
    "material_id": 189,
    "pattern_id": 16
  },
  {
    "material_id": 190,
    "pattern_id": 1337
  },
  {
    "material_id": 309,
    "pattern_id": 1337
  },
  {
    "material_id": 191,
    "pattern_id": 102130
  },
  {
    "material_id": 310,
    "pattern_id": 102130
  },
  {
    "material_id": 192,
    "pattern_id": 196921
  },
  {
    "material_id": 311,
    "pattern_id": 196921
  },
  {
    "material_id": 193,
    "pattern_id": 17
  },
  {
    "material_id": 312,
    "pattern_id": 17
  },
  {
    "material_id": 194,
    "pattern_id": 1259
  },
  {
    "material_id": 313,
    "pattern_id": 1259
  },
  {
    "material_id": 195,
    "pattern_id": 125553
  },
  {
    "material_id": 314,
    "pattern_id": 125553
  },
  {
    "material_id": 196,
    "pattern_id": 19454
  },
  {
    "material_id": 315,
    "pattern_id": 19454
  },
  {
    "material_id": 197,
    "pattern_id": 11701
  },
  {
    "material_id": 316,
    "pattern_id": 11701
  },
  {
    "material_id": 198,
    "pattern_id": 1977
  },
  {
    "material_id": 317,
    "pattern_id": 1977
  },
  {
    "material_id": 199,
    "pattern_id": 15218
  },
  {
    "material_id": 318,
    "pattern_id": 15218
  },
  {
    "material_id": 200,
    "pattern_id": 194990
  },
  {
    "material_id": 319,
    "pattern_id": 194990
  },
  {
    "material_id": 201,
    "pattern_id": 12330
  },
  {
    "material_id": 320,
    "pattern_id": 12330
  },
  {
    "material_id": 202,
    "pattern_id": 16388
  },
  {
    "material_id": 321,
    "pattern_id": 16388
  },
  {
    "material_id": 203,
    "pattern_id": 21004
  },
  {
    "material_id": 322,
    "pattern_id": 21004
  },
  {
    "material_id": 204,
    "pattern_id": 100209
  },
  {
    "material_id": 323,
    "pattern_id": 100209
  },
  {
    "material_id": 205,
    "pattern_id": 101232
  },
  {
    "material_id": 324,
    "pattern_id": 101232
  },
  {
    "material_id": 206,
    "pattern_id": 107370
  },
  {
    "material_id": 325,
    "pattern_id": 107370
  },
  {
    "material_id": 207,
    "pattern_id": 120382
  },
  {
    "material_id": 326,
    "pattern_id": 120382
  },
  {
    "material_id": 208,
    "pattern_id": 122407
  },
  {
    "material_id": 327,
    "pattern_id": 122407
  },
  {
    "material_id": 209,
    "pattern_id": 128793
  },
  {
    "material_id": 328,
    "pattern_id": 128793
  },
  {
    "material_id": 210,
    "pattern_id": 135223
  },
  {
    "material_id": 329,
    "pattern_id": 135223
  },
  {
    "material_id": 211,
    "pattern_id": 136258
  },
  {
    "material_id": 330,
    "pattern_id": 136258
  },
  {
    "material_id": 212,
    "pattern_id": 157511
  },
  {
    "material_id": 331,
    "pattern_id": 157511
  },
  {
    "material_id": 213,
    "pattern_id": 160951
  },
  {
    "material_id": 332,
    "pattern_id": 160951
  },
  {
    "material_id": 214,
    "pattern_id": 162466
  },
  {
    "material_id": 333,
    "pattern_id": 162466
  },
  {
    "material_id": 215,
    "pattern_id": 174530
  },
  {
    "material_id": 334,
    "pattern_id": 174530
  },
  {
    "material_id": 216,
    "pattern_id": 198675
  },
  {
    "material_id": 335,
    "pattern_id": 198675
  },
  {
    "material_id": 217,
    "pattern_id": 198677
  },
  {
    "material_id": 336,
    "pattern_id": 198677
  },
  {
    "material_id": 218,
    "pattern_id": 205023
  },
  {
    "material_id": 337,
    "pattern_id": 205023
  },
  {
    "material_id": 219,
    "pattern_id": 16
  },
  {
    "material_id": 338,
    "pattern_id": 16
  },
  {
    "material_id": 220,
    "pattern_id": 1337
  },
  {
    "material_id": 339,
    "pattern_id": 1337
  },
  {
    "material_id": 221,
    "pattern_id": 102130
  },
  {
    "material_id": 340,
    "pattern_id": 102130
  },
  {
    "material_id": 222,
    "pattern_id": 196921
  },
  {
    "material_id": 341,
    "pattern_id": 196921
  },
  {
    "material_id": 223,
    "pattern_id": 17
  },
  {
    "material_id": 342,
    "pattern_id": 17
  },
  {
    "material_id": 224,
    "pattern_id": 1259
  },
  {
    "material_id": 343,
    "pattern_id": 1259
  },
  {
    "material_id": 225,
    "pattern_id": 125553
  },
  {
    "material_id": 344,
    "pattern_id": 125553
  },
  {
    "material_id": 226,
    "pattern_id": 19454
  },
  {
    "material_id": 345,
    "pattern_id": 19454
  },
  {
    "material_id": 227,
    "pattern_id": 11701
  },
  {
    "material_id": 346,
    "pattern_id": 11701
  },
  {
    "material_id": 228,
    "pattern_id": 1977
  },
  {
    "material_id": 347,
    "pattern_id": 1977
  },
  {
    "material_id": 229,
    "pattern_id": 15218
  },
  {
    "material_id": 348,
    "pattern_id": 15218
  },
  {
    "material_id": 230,
    "pattern_id": 194990
  },
  {
    "material_id": 349,
    "pattern_id": 194990
  },
  {
    "material_id": 231,
    "pattern_id": 12330
  },
  {
    "material_id": 350,
    "pattern_id": 12330
  },
  {
    "material_id": 232,
    "pattern_id": 16388
  },
  {
    "material_id": 351,
    "pattern_id": 16388
  },
  {
    "material_id": 233,
    "pattern_id": 21004
  },
  {
    "material_id": 352,
    "pattern_id": 21004
  },
  {
    "material_id": 234,
    "pattern_id": 100209
  },
  {
    "material_id": 353,
    "pattern_id": 100209
  },
  {
    "material_id": 235,
    "pattern_id": 101232
  },
  {
    "material_id": 354,
    "pattern_id": 101232
  },
  {
    "material_id": 236,
    "pattern_id": 107370
  },
  {
    "material_id": 355,
    "pattern_id": 107370
  },
  {
    "material_id": 237,
    "pattern_id": 120382
  },
  {
    "material_id": 356,
    "pattern_id": 120382
  },
  {
    "material_id": 238,
    "pattern_id": 122407
  },
  {
    "material_id": 357,
    "pattern_id": 122407
  },
  {
    "material_id": 239,
    "pattern_id": 128793
  },
  {
    "material_id": 358,
    "pattern_id": 128793
  },
  {
    "material_id": 240,
    "pattern_id": 135223
  },
  {
    "material_id": 359,
    "pattern_id": 135223
  },
  {
    "material_id": 241,
    "pattern_id": 136258
  },
  {
    "material_id": 360,
    "pattern_id": 136258
  },
  {
    "material_id": 242,
    "pattern_id": 157511
  },
  {
    "material_id": 361,
    "pattern_id": 157511
  },
  {
    "material_id": 243,
    "pattern_id": 160951
  },
  {
    "material_id": 362,
    "pattern_id": 160951
  },
  {
    "material_id": 244,
    "pattern_id": 162466
  },
  {
    "material_id": 363,
    "pattern_id": 162466
  },
  {
    "material_id": 245,
    "pattern_id": 174530
  },
  {
    "material_id": 364,
    "pattern_id": 174530
  },
  {
    "material_id": 246,
    "pattern_id": 198675
  },
  {
    "material_id": 365,
    "pattern_id": 198675
  },
  {
    "material_id": 247,
    "pattern_id": 198677
  },
  {
    "material_id": 366,
    "pattern_id": 198677
  },
  {
    "material_id": 248,
    "pattern_id": 205023
  },
  {
    "material_id": 367,
    "pattern_id": 205023
  },
  {
    "material_id": 249,
    "pattern_id": 206414
  },
  {
    "material_id": 368,
    "pattern_id": 206414
  },
  {
    "material_id": 250,
    "pattern_id": 211199
  },
  {
    "material_id": 369,
    "pattern_id": 211199
  },
  {
    "material_id": 251,
    "pattern_id": 1494
  },
  {
    "material_id": 370,
    "pattern_id": 1494
  },
  {
    "material_id": 252,
    "pattern_id": 1764
  },
  {
    "material_id": 371,
    "pattern_id": 1764
  },
  {
    "material_id": 253,
    "pattern_id": 2185
  },
  {
    "material_id": 372,
    "pattern_id": 2185
  },
  {
    "material_id": 254,
    "pattern_id": 12087
  },
  {
    "material_id": 373,
    "pattern_id": 12087
  },
  {
    "material_id": 255,
    "pattern_id": 120719
  },
  {
    "material_id": 374,
    "pattern_id": 120719
  },
  {
    "material_id": 256,
    "pattern_id": 131812
  },
  {
    "material_id": 375,
    "pattern_id": 131812
  },
  {
    "material_id": 257,
    "pattern_id": 152070
  },
  {
    "material_id": 376,
    "pattern_id": 152070
  },
  {
    "material_id": 258,
    "pattern_id": 113
  },
  {
    "material_id": 377,
    "pattern_id": 113
  }
]