[
  {
    "material_id": 171,
    "needle": "한일 4.5mm",
    "time": "88시간",
    "yarn_length": 158.9,
    "yarn_name": "옥스퍼드 코튼",
    "yarn_weight": 145.9,
    "board_id": 2
  },
  {
    "material_id": 172,
    "needle": "한일 4.5mm",
    "time": "5시간",
    "yarn_length": 474.2,
    "yarn_name": "링클코튼",
    "yarn_weight": 198.7,
    "board_id": 3
  },
  {
    "material_id": 173,
    "needle": "인터랙트 6mm",
    "time": "39시간",
    "yarn_length": 186.1,
    "yarn_name": "링클코튼",
    "yarn_weight": 241.9,
    "board_id": 52
  },
  {
    "material_id": 174,
    "needle": "로즈우드 5mm",
    "time": "68시간",
    "yarn_length": 232.3,
    "yarn_name": "세컨스킨 클래식",
    "yarn_weight": 174.4,
    "board_id": 53
  },
  {
    "material_id": 175,
    "needle": "어썸울 4mm",
    "time": "44시간",
    "yarn_length": 304.7,
    "yarn_name": "링클코튼",
    "yarn_weight": 136.3,
    "board_id": 67
  },
  {
    "material_id": 176,
    "needle": "인터랙트 6mm",
    "time": "52시간",
    "yarn_length": 441.3,
    "yarn_name": "옥스퍼드 코튼",
    "yarn_weight": 113,
    "board_id": 68
  },
  {
    "material_id": 177,
    "needle": "인터랙트 6mm",
    "time": "85시간",
    "yarn_length": 271.8,
    "yarn_name": "나긋해 릴렉스 코튼",
    "yarn_weight": 231.5,
    "board_id": 77
  },
  {
    "material_id": 178,
    "needle": "인터랙트 6mm",
    "time": "16시간",
    "yarn_length": 524.5,
    "yarn_name": "옥스퍼드 코튼",
    "yarn_weight": 120.2,
    "board_id": 78
  },
  {
    "material_id": 179,
    "needle": "한일 4.5mm",
    "time": "3시간",
    "yarn_length": 548.7,
    "yarn_name": "세컨스킨 클래식",
    "yarn_weight": 110.5,
    "board_id": 105
  },
  {
    "material_id": 180,
    "needle": "어썸울 4mm",
    "time": "68시간",
    "yarn_length": 303.3,
    "yarn_name": "나긋해 릴렉스 코튼",
    "yarn_weight": 227,
    "board_id": 106
  },
  {
    "material_id": 181,
    "needle": "어썸울 4mm",
    "time": "16시간",
    "yarn_length": 446.2,
    "yarn_name": "옥스퍼드 코튼",
    "yarn_weight": 229.2,
    "board_id": 107
  },
  {
    "material_id": 182,
    "needle": "한일 4.5mm",
    "time": "80시간",
    "yarn_length": 332,
    "yarn_name": "옥스퍼드 코튼",
    "yarn_weight": 121.2,
    "board_id": 108
  },
  {
    "material_id": 183,
    "needle": "인터랙트 6mm",
    "time": "59시간",
    "yarn_length": 166.7,
    "yarn_name": "옥스퍼드 코튼",
    "yarn_weight": 82.1,
    "board_id": 109
  },
  {
    "material_id": 184,
    "needle": "메리야스토리 4.5mm",
    "time": "85시간",
    "yarn_length": 114.4,
    "yarn_name": "링클코튼",
    "yarn_weight": 242.2,
    "board_id": 110
  },
  {
    "material_id": 185,
    "needle": "인터랙트 6mm",
    "time": "1시간",
    "yarn_length": 141.3,
    "yarn_name": "세컨스킨 클래식",
    "yarn_weight": 205.1,
    "board_id": 111
  },
  {
    "material_id": 186,
    "needle": "로즈우드 5mm",
    "time": "99시간",
    "yarn_length": 571.9,
    "yarn_name": "옥스퍼드 코튼",
    "yarn_weight": 244.1,
    "board_id": 112
  },
  {
    "material_id": 187,
    "needle": "한일 4.5mm",
    "time": "95시간",
    "yarn_length": 106.7,
    "yarn_name": "나긋해 릴렉스 코튼",
    "yarn_weight": 72.4,
    "board_id": 113
  },
  {
    "material_id": 188,
    "needle": "인터랙트 6mm",
    "time": "1시간",
    "yarn_length": 311,
    "yarn_name": "나긋해 릴렉스 코튼",
    "yarn_weight": 90.9,
    "board_id": 114
  },
  {
    "material_id": 189,
    "needle": "로즈우드 5mm",
    "time": "10시간",
    "yarn_length": 217.6,
    "yarn_name": "옥스퍼드 코튼",
    "yarn_weight": 209.7,
    "board_id": 120
  },
  {
    "material_id": 190,
    "needle": "어썸울 4mm",
    "time": "6시간",
    "yarn_length": 293.5,
    "yarn_name": "옥스퍼드 코튼",
    "yarn_weight": 200,
    "board_id": 121
  },
  {
    "material_id": 191,
    "needle": "한일 4.5mm",
    "time": "77시간",
    "yarn_length": 409.5,
    "yarn_name": "옥스퍼드 코튼",
    "yarn_weight": 76.6,
    "board_id": 122
  },
  {
    "material_id": 192,
    "needle": "어썸울 4mm",
    "time": "96시간",
    "yarn_length": 588.7,
    "yarn_name": "나긋해 릴렉스 코튼",
    "yarn_weight": 75.5,
    "board_id": 123
  },
  {
    "material_id": 193,
    "needle": "로즈우드 5mm",
    "time": "63시간",
    "yarn_length": 264.2,
    "yarn_name": "옥스퍼드 코튼",
    "yarn_weight": 214.3,
    "board_id": 124
  },
  {
    "material_id": 194,
    "needle": "인터랙트 6mm",
    "time": "65시간",
    "yarn_length": 489.3,
    "yarn_name": "옥스퍼드 코튼",
    "yarn_weight": 128.2,
    "board_id": 125
  },
  {
    "material_id": 195,
    "needle": "메리야스토리 4.5mm",
    "time": "42시간",
    "yarn_length": 468.2,
    "yarn_name": "세컨스킨 클래식",
    "yarn_weight": 235.6,
    "board_id": 126
  },
  {
    "material_id": 196,
    "needle": "어썸울 4mm",
    "time": "1시간",
    "yarn_length": 582.5,
    "yarn_name": "옥스퍼드 코튼",
    "yarn_weight": 71.6,
    "board_id": 127
  },
  {
    "material_id": 197,
    "needle": "메리야스토리 4.5mm",
    "time": "38시간",
    "yarn_length": 319.4,
    "yarn_name": "나긋해 릴렉스 코튼",
    "yarn_weight": 66.7,
    "board_id": 128
  },
  {
    "material_id": 198,
    "needle": "메리야스토리 4.5mm",
    "time": "64시간",
    "yarn_length": 420,
    "yarn_name": "세컨스킨 클래식",
    "yarn_weight": 163.9,
    "board_id": 129
  },
  {
    "material_id": 199,
    "needle": "인터랙트 6mm",
    "time": "6시간",
    "yarn_length": 315.7,
    "yarn_name": "옥스퍼드 코튼",
    "yarn_weight": 173.3,
    "board_id": 130
  },
  {
    "material_id": 200,
    "needle": "메리야스토리 4.5mm",
    "time": "84시간",
    "yarn_length": 473.8,
    "yarn_name": "나긋해 릴렉스 코튼",
    "yarn_weight": 246.1,
    "board_id": 131
  },
  {
    "material_id": 201,
    "needle": "메리야스토리 4.5mm",
    "time": "90시간",
    "yarn_length": 594.3,
    "yarn_name": "나긋해 릴렉스 코튼",
    "yarn_weight": 104.7,
    "board_id": 132
  },
  {
    "material_id": 202,
    "needle": "로즈우드 5mm",
    "time": "31시간",
    "yarn_length": 415.1,
    "yarn_name": "나긋해 릴렉스 코튼",
    "yarn_weight": 121.2,
    "board_id": 133
  },
  {
    "material_id": 203,
    "needle": "메리야스토리 4.5mm",
    "time": "10시간",
    "yarn_length": 281.8,
    "yarn_name": "링클코튼",
    "yarn_weight": 174.2,
    "board_id": 134
  },
  {
    "material_id": 204,
    "needle": "한일 4.5mm",
    "time": "54시간",
    "yarn_length": 207.5,
    "yarn_name": "세컨스킨 클래식",
    "yarn_weight": 204.8,
    "board_id": 135
  },
  {
    "material_id": 205,
    "needle": "한일 4.5mm",
    "time": "78시간",
    "yarn_length": 411,
    "yarn_name": "옥스퍼드 코튼",
    "yarn_weight": 57.8,
    "board_id": 136
  },
  {
    "material_id": 206,
    "needle": "인터랙트 6mm",
    "time": "15시간",
    "yarn_length": 189.3,
    "yarn_name": "세컨스킨 클래식",
    "yarn_weight": 193.3,
    "board_id": 137
  },
  {
    "material_id": 207,
    "needle": "어썸울 4mm",
    "time": "1시간",
    "yarn_length": 271.1,
    "yarn_name": "링클코튼",
    "yarn_weight": 134.2,
    "board_id": 138
  },
  {
    "material_id": 208,
    "needle": "메리야스토리 4.5mm",
    "time": "92시간",
    "yarn_length": 340.9,
    "yarn_name": "링클코튼",
    "yarn_weight": 215.9,
    "board_id": 139
  },
  {
    "material_id": 209,
    "needle": "메리야스토리 4.5mm",
    "time": "43시간",
    "yarn_length": 392.9,
    "yarn_name": "링클코튼",
    "yarn_weight": 146.2,
    "board_id": 140
  },
  {
    "material_id": 210,
    "needle": "한일 4.5mm",
    "time": "87시간",
    "yarn_length": 571.9,
    "yarn_name": "나긋해 릴렉스 코튼",
    "yarn_weight": 205.2,
    "board_id": 141
  },
  {
    "material_id": 211,
    "needle": "한일 4.5mm",
    "time": "26시간",
    "yarn_length": 456,
    "yarn_name": "옥스퍼드 코튼",
    "yarn_weight": 226.3,
    "board_id": 142
  },
  {
    "material_id": 212,
    "needle": "인터랙트 6mm",
    "time": "35시간",
    "yarn_length": 458.9,
    "yarn_name": "링클코튼",
    "yarn_weight": 182.1,
    "board_id": 143
  },
  {
    "material_id": 213,
    "needle": "로즈우드 5mm",
    "time": "10시간",
    "yarn_length": 410.6,
    "yarn_name": "옥스퍼드 코튼",
    "yarn_weight": 103.5,
    "board_id": 144
  },
  {
    "material_id": 214,
    "needle": "인터랙트 6mm",
    "time": "49시간",
    "yarn_length": 534.8,
    "yarn_name": "옥스퍼드 코튼",
    "yarn_weight": 209.8,
    "board_id": 145
  },
  {
    "material_id": 215,
    "needle": "어썸울 4mm",
    "time": "36시간",
    "yarn_length": 468.2,
    "yarn_name": "링클코튼",
    "yarn_weight": 216.6,
    "board_id": 146
  },
  {
    "material_id": 216,
    "needle": "어썸울 4mm",
    "time": "20시간",
    "yarn_length": 585.6,
    "yarn_name": "세컨스킨 클래식",
    "yarn_weight": 129.7,
    "board_id": 147
  },
  {
    "material_id": 217,
    "needle": "어썸울 4mm",
    "time": "83시간",
    "yarn_length": 363,
    "yarn_name": "나긋해 릴렉스 코튼",
    "yarn_weight": 80.4,
    "board_id": 148
  },
  {
    "material_id": 218,
    "needle": "어썸울 4mm",
    "time": "16시간",
    "yarn_length": 504.1,
    "yarn_name": "링클코튼",
    "yarn_weight": 141.1,
    "board_id": 149
  },
  {
    "material_id": 219,
    "needle": "한일 4.5mm",
    "time": "38시간",
    "yarn_length": 218.3,
    "yarn_name": "나긋해 릴렉스 코튼",
    "yarn_weight": 161.6,
    "board_id": 151
  },
  {
    "material_id": 220,
    "needle": "로즈우드 5mm",
    "time": "48시간",
    "yarn_length": 333.3,
    "yarn_name": "옥스퍼드 코튼",
    "yarn_weight": 90.9,
    "board_id": 152
  },
  {
    "material_id": 221,
    "needle": "어썸울 4mm",
    "time": "69시간",
    "yarn_length": 431,
    "yarn_name": "나긋해 릴렉스 코튼",
    "yarn_weight": 96.8,
    "board_id": 153
  },
  {
    "material_id": 222,
    "needle": "한일 4.5mm",
    "time": "49시간",
    "yarn_length": 163.2,
    "yarn_name": "나긋해 릴렉스 코튼",
    "yarn_weight": 142.1,
    "board_id": 154
  },
  {
    "material_id": 223,
    "needle": "로즈우드 5mm",
    "time": "62시간",
    "yarn_length": 439,
    "yarn_name": "링클코튼",
    "yarn_weight": 187.2,
    "board_id": 155
  },
  {
    "material_id": 224,
    "needle": "로즈우드 5mm",
    "time": "94시간",
    "yarn_length": 236.6,
    "yarn_name": "링클코튼",
    "yarn_weight": 50.9,
    "board_id": 156
  },
  {
    "material_id": 225,
    "needle": "어썸울 4mm",
    "time": "63시간",
    "yarn_length": 181.1,
    "yarn_name": "옥스퍼드 코튼",
    "yarn_weight": 74.3,
    "board_id": 157
  },
  {
    "material_id": 226,
    "needle": "인터랙트 6mm",
    "time": "86시간",
    "yarn_length": 464.5,
    "yarn_name": "나긋해 릴렉스 코튼",
    "yarn_weight": 102,
    "board_id": 158
  },
  {
    "material_id": 227,
    "needle": "메리야스토리 4.5mm",
    "time": "39시간",
    "yarn_length": 506.1,
    "yarn_name": "옥스퍼드 코튼",
    "yarn_weight": 77.9,
    "board_id": 159
  },
  {
    "material_id": 228,
    "needle": "인터랙트 6mm",
    "time": "34시간",
    "yarn_length": 516.9,
    "yarn_name": "나긋해 릴렉스 코튼",
    "yarn_weight": 106.2,
    "board_id": 160
  },
  {
    "material_id": 229,
    "needle": "인터랙트 6mm",
    "time": "84시간",
    "yarn_length": 282.1,
    "yarn_name": "세컨스킨 클래식",
    "yarn_weight": 150,
    "board_id": 161
  },
  {
    "material_id": 230,
    "needle": "한일 4.5mm",
    "time": "23시간",
    "yarn_length": 340.5,
    "yarn_name": "링클코튼",
    "yarn_weight": 97.3,
    "board_id": 162
  },
  {
    "material_id": 231,
    "needle": "인터랙트 6mm",
    "time": "17시간",
    "yarn_length": 545.9,
    "yarn_name": "옥스퍼드 코튼",
    "yarn_weight": 85,
    "board_id": 163
  },
  {
    "material_id": 232,
    "needle": "인터랙트 6mm",
    "time": "31시간",
    "yarn_length": 405.4,
    "yarn_name": "나긋해 릴렉스 코튼",
    "yarn_weight": 233.4,
    "board_id": 164
  },
  {
    "material_id": 233,
    "needle": "메리야스토리 4.5mm",
    "time": "93시간",
    "yarn_length": 219.1,
    "yarn_name": "세컨스킨 클래식",
    "yarn_weight": 110.3,
    "board_id": 165
  },
  {
    "material_id": 234,
    "needle": "어썸울 4mm",
    "time": "59시간",
    "yarn_length": 109.9,
    "yarn_name": "세컨스킨 클래식",
    "yarn_weight": 189.8,
    "board_id": 166
  },
  {
    "material_id": 235,
    "needle": "한일 4.5mm",
    "time": "11시간",
    "yarn_length": 204.2,
    "yarn_name": "링클코튼",
    "yarn_weight": 248.4,
    "board_id": 167
  },
  {
    "material_id": 236,
    "needle": "로즈우드 5mm",
    "time": "98시간",
    "yarn_length": 346.4,
    "yarn_name": "링클코튼",
    "yarn_weight": 101.1,
    "board_id": 168
  },
  {
    "material_id": 237,
    "needle": "로즈우드 5mm",
    "time": "42시간",
    "yarn_length": 190.3,
    "yarn_name": "링클코튼",
    "yarn_weight": 189.8,
    "board_id": 169
  },
  {
    "material_id": 238,
    "needle": "한일 4.5mm",
    "time": "66시간",
    "yarn_length": 417.6,
    "yarn_name": "나긋해 릴렉스 코튼",
    "yarn_weight": 71.9,
    "board_id": 170
  },
  {
    "material_id": 239,
    "needle": "인터랙트 6mm",
    "time": "37시간",
    "yarn_length": 103.6,
    "yarn_name": "옥스퍼드 코튼",
    "yarn_weight": 187.7,
    "board_id": 171
  },
  {
    "material_id": 240,
    "needle": "로즈우드 5mm",
    "time": "2시간",
    "yarn_length": 208.1,
    "yarn_name": "나긋해 릴렉스 코튼",
    "yarn_weight": 163.8,
    "board_id": 172
  },
  {
    "material_id": 241,
    "needle": "로즈우드 5mm",
    "time": "87시간",
    "yarn_length": 187,
    "yarn_name": "세컨스킨 클래식",
    "yarn_weight": 226,
    "board_id": 173
  },
  {
    "material_id": 242,
    "needle": "한일 4.5mm",
    "time": "16시간",
    "yarn_length": 140.4,
    "yarn_name": "옥스퍼드 코튼",
    "yarn_weight": 152.7,
    "board_id": 174
  },
  {
    "material_id": 243,
    "needle": "로즈우드 5mm",
    "time": "3시간",
    "yarn_length": 597.7,
    "yarn_name": "옥스퍼드 코튼",
    "yarn_weight": 147.9,
    "board_id": 175
  },
  {
    "material_id": 244,
    "needle": "로즈우드 5mm",
    "time": "35시간",
    "yarn_length": 310.5,
    "yarn_name": "나긋해 릴렉스 코튼",
    "yarn_weight": 78,
    "board_id": 176
  },
  {
    "material_id": 245,
    "needle": "한일 4.5mm",
    "time": "88시간",
    "yarn_length": 597.4,
    "yarn_name": "세컨스킨 클래식",
    "yarn_weight": 204.3,
    "board_id": 177
  },
  {
    "material_id": 246,
    "needle": "인터랙트 6mm",
    "time": "71시간",
    "yarn_length": 161.1,
    "yarn_name": "세컨스킨 클래식",
    "yarn_weight": 66.6,
    "board_id": 178
  },
  {
    "material_id": 247,
    "needle": "인터랙트 6mm",
    "time": "48시간",
    "yarn_length": 368.8,
    "yarn_name": "세컨스킨 클래식",
    "yarn_weight": 193,
    "board_id": 179
  },
  {
    "material_id": 248,
    "needle": "로즈우드 5mm",
    "time": "75시간",
    "yarn_length": 300.4,
    "yarn_name": "옥스퍼드 코튼",
    "yarn_weight": 172.1,
    "board_id": 180
  },
  {
    "material_id": 249,
    "needle": "로즈우드 5mm",
    "time": "99시간",
    "yarn_length": 426.1,
    "yarn_name": "세컨스킨 클래식",
    "yarn_weight": 153.4,
    "board_id": 181
  },
  {
    "material_id": 250,
    "needle": "로즈우드 5mm",
    "time": "96시간",
    "yarn_length": 430.9,
    "yarn_name": "세컨스킨 클래식",
    "yarn_weight": 103.6,
    "board_id": 182
  },
  {
    "material_id": 251,
    "needle": "인터랙트 6mm",
    "time": "14시간",
    "yarn_length": 459.7,
    "yarn_name": "나긋해 릴렉스 코튼",
    "yarn_weight": 204.8,
    "board_id": 183
  },
  {
    "material_id": 252,
    "needle": "어썸울 4mm",
    "time": "24시간",
    "yarn_length": 210,
    "yarn_name": "세컨스킨 클래식",
    "yarn_weight": 127.3,
    "board_id": 184
  },
  {
    "material_id": 253,
    "needle": "로즈우드 5mm",
    "time": "37시간",
    "yarn_length": 447.4,
    "yarn_name": "세컨스킨 클래식",
    "yarn_weight": 222.6,
    "board_id": 185
  },
  {
    "material_id": 254,
    "needle": "메리야스토리 4.5mm",
    "time": "15시간",
    "yarn_length": 241.9,
    "yarn_name": "옥스퍼드 코튼",
    "yarn_weight": 64.3,
    "board_id": 186
  },
  {
    "material_id": 255,
    "needle": "한일 4.5mm",
    "time": "81시간",
    "yarn_length": 501.1,
    "yarn_name": "링클코튼",
    "yarn_weight": 172.7,
    "board_id": 187
  },
  {
    "material_id": 256,
    "needle": "어썸울 4mm",
    "time": "44시간",
    "yarn_length": 308.8,
    "yarn_name": "옥스퍼드 코튼",
    "yarn_weight": 177.4,
    "board_id": 188
  },
  {
    "material_id": 257,
    "needle": "인터랙트 6mm",
    "time": "34시간",
    "yarn_length": 173,
    "yarn_name": "링클코튼",
    "yarn_weight": 75.1,
    "board_id": 189
  },
  {
    "material_id": 258,
    "needle": "한일 4.5mm",
    "time": "8시간",
    "yarn_length": 547.8,
    "yarn_name": "세컨스킨 클래식",
    "yarn_weight": 171,
    "board_id": 190
  },
  {
    "material_id": 298,
    "needle": "어썸울 4mm",
    "time": "44시간",
    "yarn_length": 311.7,
    "yarn_name": "옥스퍼드 코튼",
    "yarn_weight": 209.4,
    "board_id": 105
  },
  {
    "material_id": 299,
    "needle": "한일 4.5mm",
    "time": "34시간",
    "yarn_length": 109,
    "yarn_name": "나긋해 릴렉스 코튼",
    "yarn_weight": 138.9,
    "board_id": 106
  },
  {
    "material_id": 300,
    "needle": "인터랙트 6mm",
    "time": "29시간",
    "yarn_length": 433.5,
    "yarn_name": "세컨스킨 클래식",
    "yarn_weight": 120.8,
    "board_id": 107
  },
  {
    "material_id": 301,
    "needle": "어썸울 4mm",
    "time": "73시간",
    "yarn_length": 378.2,
    "yarn_name": "링클코튼",
    "yarn_weight": 120.7,
    "board_id": 108
  },
  {
    "material_id": 302,
    "needle": "인터랙트 6mm",
    "time": "72시간",
    "yarn_length": 444.2,
    "yarn_name": "세컨스킨 클래식",
    "yarn_weight": 148.3,
    "board_id": 109
  },
  {
    "material_id": 303,
    "needle": "한일 4.5mm",
    "time": "15시간",
    "yarn_length": 177.4,
    "yarn_name": "세컨스킨 클래식",
    "yarn_weight": 95,
    "board_id": 110
  },
  {
    "material_id": 304,
    "needle": "메리야스토리 4.5mm",
    "time": "89시간",
    "yarn_length": 134.1,
    "yarn_name": "링클코튼",
    "yarn_weight": 109.2,
    "board_id": 111
  },
  {
    "material_id": 305,
    "needle": "어썸울 4mm",
    "time": "1시간",
    "yarn_length": 554.3,
    "yarn_name": "링클코튼",
    "yarn_weight": 219.8,
    "board_id": 112
  },
  {
    "material_id": 306,
    "needle": "로즈우드 5mm",
    "time": "96시간",
    "yarn_length": 436.3,
    "yarn_name": "세컨스킨 클래식",
    "yarn_weight": 145.5,
    "board_id": 113
  },
  {
    "material_id": 307,
    "needle": "인터랙트 6mm",
    "time": "2시간",
    "yarn_length": 310.8,
    "yarn_name": "나긋해 릴렉스 코튼",
    "yarn_weight": 249.7,
    "board_id": 114
  },
  {
    "material_id": 309,
    "needle": "로즈우드 5mm",
    "time": "15시간",
    "yarn_length": 331.1,
    "yarn_name": "옥스퍼드 코튼",
    "yarn_weight": 236.4,
    "board_id": 121
  },
  {
    "material_id": 310,
    "needle": "메리야스토리 4.5mm",
    "time": "56시간",
    "yarn_length": 373.9,
    "yarn_name": "나긋해 릴렉스 코튼",
    "yarn_weight": 206.2,
    "board_id": 122
  },
  {
    "material_id": 311,
    "needle": "로즈우드 5mm",
    "time": "92시간",
    "yarn_length": 406.6,
    "yarn_name": "세컨스킨 클래식",
    "yarn_weight": 207.9,
    "board_id": 123
  },
  {
    "material_id": 312,
    "needle": "인터랙트 6mm",
    "time": "49시간",
    "yarn_length": 356.1,
    "yarn_name": "나긋해 릴렉스 코튼",
    "yarn_weight": 248.9,
    "board_id": 124
  },
  {
    "material_id": 313,
    "needle": "로즈우드 5mm",
    "time": "29시간",
    "yarn_length": 331,
    "yarn_name": "세컨스킨 클래식",
    "yarn_weight": 229,
    "board_id": 125
  },
  {
    "material_id": 314,
    "needle": "메리야스토리 4.5mm",
    "time": "85시간",
    "yarn_length": 554.8,
    "yarn_name": "나긋해 릴렉스 코튼",
    "yarn_weight": 115.5,
    "board_id": 126
  },
  {
    "material_id": 315,
    "needle": "로즈우드 5mm",
    "time": "4시간",
    "yarn_length": 277.1,
    "yarn_name": "링클코튼",
    "yarn_weight": 110.9,
    "board_id": 127
  },
  {
    "material_id": 316,
    "needle": "한일 4.5mm",
    "time": "60시간",
    "yarn_length": 334.4,
    "yarn_name": "링클코튼",
    "yarn_weight": 128.5,
    "board_id": 128
  },
  {
    "material_id": 317,
    "needle": "어썸울 4mm",
    "time": "24시간",
    "yarn_length": 271.8,
    "yarn_name": "나긋해 릴렉스 코튼",
    "yarn_weight": 246.2,
    "board_id": 129
  },
  {
    "material_id": 318,
    "needle": "인터랙트 6mm",
    "time": "55시간",
    "yarn_length": 112.5,
    "yarn_name": "세컨스킨 클래식",
    "yarn_weight": 130.4,
    "board_id": 130
  },
  {
    "material_id": 319,
    "needle": "한일 4.5mm",
    "time": "42시간",
    "yarn_length": 341.3,
    "yarn_name": "나긋해 릴렉스 코튼",
    "yarn_weight": 141.9,
    "board_id": 131
  },
  {
    "material_id": 320,
    "needle": "로즈우드 5mm",
    "time": "40시간",
    "yarn_length": 446.7,
    "yarn_name": "세컨스킨 클래식",
    "yarn_weight": 128,
    "board_id": 132
  },
  {
    "material_id": 321,
    "needle": "메리야스토리 4.5mm",
    "time": "18시간",
    "yarn_length": 423.7,
    "yarn_name": "링클코튼",
    "yarn_weight": 187.6,
    "board_id": 133
  },
  {
    "material_id": 322,
    "needle": "어썸울 4mm",
    "time": "25시간",
    "yarn_length": 324.3,
    "yarn_name": "링클코튼",
    "yarn_weight": 82.9,
    "board_id": 134
  },
  {
    "material_id": 323,
    "needle": "어썸울 4mm",
    "time": "9시간",
    "yarn_length": 347.3,
    "yarn_name": "나긋해 릴렉스 코튼",
    "yarn_weight": 159.4,
    "board_id": 135
  },
  {
    "material_id": 324,
    "needle": "메리야스토리 4.5mm",
    "time": "95시간",
    "yarn_length": 288.7,
    "yarn_name": "나긋해 릴렉스 코튼",
    "yarn_weight": 72.3,
    "board_id": 136
  },
  {
    "material_id": 325,
    "needle": "한일 4.5mm",
    "time": "72시간",
    "yarn_length": 283.5,
    "yarn_name": "링클코튼",
    "yarn_weight": 105.2,
    "board_id": 137
  },
  {
    "material_id": 326,
    "needle": "어썸울 4mm",
    "time": "95시간",
    "yarn_length": 423.3,
    "yarn_name": "세컨스킨 클래식",
    "yarn_weight": 69.7,
    "board_id": 138
  },
  {
    "material_id": 327,
    "needle": "어썸울 4mm",
    "time": "6시간",
    "yarn_length": 329.1,
    "yarn_name": "나긋해 릴렉스 코튼",
    "yarn_weight": 105.8,
    "board_id": 139
  },
  {
    "material_id": 328,
    "needle": "메리야스토리 4.5mm",
    "time": "18시간",
    "yarn_length": 532.2,
    "yarn_name": "옥스퍼드 코튼",
    "yarn_weight": 130.7,
    "board_id": 140
  },
  {
    "material_id": 329,
    "needle": "로즈우드 5mm",
    "time": "89시간",
    "yarn_length": 381.7,
    "yarn_name": "나긋해 릴렉스 코튼",
    "yarn_weight": 77.1,
    "board_id": 141
  },
  {
    "material_id": 330,
    "needle": "메리야스토리 4.5mm",
    "time": "51시간",
    "yarn_length": 587.8,
    "yarn_name": "세컨스킨 클래식",
    "yarn_weight": 229.3,
    "board_id": 142
  },
  {
    "material_id": 331,
    "needle": "어썸울 4mm",
    "time": "26시간",
    "yarn_length": 146.5,
    "yarn_name": "링클코튼",
    "yarn_weight": 104.9,
    "board_id": 143
  },
  {
    "material_id": 332,
    "needle": "어썸울 4mm",
    "time": "38시간",
    "yarn_length": 186.8,
    "yarn_name": "링클코튼",
    "yarn_weight": 76.3,
    "board_id": 144
  },
  {
    "material_id": 333,
    "needle": "한일 4.5mm",
    "time": "95시간",
    "yarn_length": 252.2,
    "yarn_name": "링클코튼",
    "yarn_weight": 165.9,
    "board_id": 145
  },
  {
    "material_id": 334,
    "needle": "인터랙트 6mm",
    "time": "28시간",
    "yarn_length": 579.7,
    "yarn_name": "옥스퍼드 코튼",
    "yarn_weight": 51.5,
    "board_id": 146
  },
  {
    "material_id": 335,
    "needle": "메리야스토리 4.5mm",
    "time": "51시간",
    "yarn_length": 211.6,
    "yarn_name": "링클코튼",
    "yarn_weight": 107.3,
    "board_id": 147
  },
  {
    "material_id": 336,
    "needle": "로즈우드 5mm",
    "time": "44시간",
    "yarn_length": 196,
    "yarn_name": "링클코튼",
    "yarn_weight": 193.8,
    "board_id": 148
  },
  {
    "material_id": 337,
    "needle": "로즈우드 5mm",
    "time": "94시간",
    "yarn_length": 500.8,
    "yarn_name": "나긋해 릴렉스 코튼",
    "yarn_weight": 184.4,
    "board_id": 149
  },
  {
    "material_id": 338,
    "needle": "로즈우드 5mm",
    "time": "56시간",
    "yarn_length": 417,
    "yarn_name": "링클코튼",
    "yarn_weight": 173.5,
    "board_id": 151
  },
  {
    "material_id": 339,
    "needle": "한일 4.5mm",
    "time": "3시간",
    "yarn_length": 304,
    "yarn_name": "옥스퍼드 코튼",
    "yarn_weight": 163.6,
    "board_id": 152
  },
  {
    "material_id": 340,
    "needle": "인터랙트 6mm",
    "time": "13시간",
    "yarn_length": 455.2,
    "yarn_name": "나긋해 릴렉스 코튼",
    "yarn_weight": 212.5,
    "board_id": 153
  },
  {
    "material_id": 341,
    "needle": "한일 4.5mm",
    "time": "5시간",
    "yarn_length": 472.8,
    "yarn_name": "링클코튼",
    "yarn_weight": 188.7,
    "board_id": 154
  },
  {
    "material_id": 342,
    "needle": "로즈우드 5mm",
    "time": "47시간",
    "yarn_length": 201.4,
    "yarn_name": "링클코튼",
    "yarn_weight": 143.6,
    "board_id": 155
  },
  {
    "material_id": 343,
    "needle": "한일 4.5mm",
    "time": "7시간",
    "yarn_length": 520.8,
    "yarn_name": "나긋해 릴렉스 코튼",
    "yarn_weight": 159.2,
    "board_id": 156
  },
  {
    "material_id": 344,
    "needle": "로즈우드 5mm",
    "time": "81시간",
    "yarn_length": 574.1,
    "yarn_name": "세컨스킨 클래식",
    "yarn_weight": 214.5,
    "board_id": 157
  },
  {
    "material_id": 345,
    "needle": "메리야스토리 4.5mm",
    "time": "10시간",
    "yarn_length": 167,
    "yarn_name": "세컨스킨 클래식",
    "yarn_weight": 157.1,
    "board_id": 158
  },
  {
    "material_id": 346,
    "needle": "한일 4.5mm",
    "time": "97시간",
    "yarn_length": 240.3,
    "yarn_name": "링클코튼",
    "yarn_weight": 190.6,
    "board_id": 159
  },
  {
    "material_id": 347,
    "needle": "인터랙트 6mm",
    "time": "84시간",
    "yarn_length": 198.1,
    "yarn_name": "세컨스킨 클래식",
    "yarn_weight": 216.9,
    "board_id": 160
  },
  {
    "material_id": 348,
    "needle": "로즈우드 5mm",
    "time": "10시간",
    "yarn_length": 249,
    "yarn_name": "나긋해 릴렉스 코튼",
    "yarn_weight": 88.3,
    "board_id": 161
  },
  {
    "material_id": 349,
    "needle": "어썸울 4mm",
    "time": "96시간",
    "yarn_length": 526.9,
    "yarn_name": "세컨스킨 클래식",
    "yarn_weight": 144.1,
    "board_id": 162
  },
  {
    "material_id": 350,
    "needle": "메리야스토리 4.5mm",
    "time": "27시간",
    "yarn_length": 549,
    "yarn_name": "링클코튼",
    "yarn_weight": 220.5,
    "board_id": 163
  },
  {
    "material_id": 351,
    "needle": "메리야스토리 4.5mm",
    "time": "12시간",
    "yarn_length": 179.5,
    "yarn_name": "세컨스킨 클래식",
    "yarn_weight": 213,
    "board_id": 164
  },
  {
    "material_id": 352,
    "needle": "로즈우드 5mm",
    "time": "6시간",
    "yarn_length": 190,
    "yarn_name": "링클코튼",
    "yarn_weight": 73.6,
    "board_id": 165
  },
  {
    "material_id": 353,
    "needle": "어썸울 4mm",
    "time": "62시간",
    "yarn_length": 553.3,
    "yarn_name": "링클코튼",
    "yarn_weight": 185.6,
    "board_id": 166
  },
  {
    "material_id": 354,
    "needle": "어썸울 4mm",
    "time": "72시간",
    "yarn_length": 370,
    "yarn_name": "링클코튼",
    "yarn_weight": 71.8,
    "board_id": 167
  },
  {
    "material_id": 355,
    "needle": "인터랙트 6mm",
    "time": "21시간",
    "yarn_length": 259.8,
    "yarn_name": "옥스퍼드 코튼",
    "yarn_weight": 232.2,
    "board_id": 168
  },
  {
    "material_id": 356,
    "needle": "로즈우드 5mm",
    "time": "44시간",
    "yarn_length": 227.5,
    "yarn_name": "옥스퍼드 코튼",
    "yarn_weight": 80.4,
    "board_id": 169
  },
  {
    "material_id": 357,
    "needle": "인터랙트 6mm",
    "time": "60시간",
    "yarn_length": 364.9,
    "yarn_name": "옥스퍼드 코튼",
    "yarn_weight": 206.3,
    "board_id": 170
  },
  {
    "material_id": 358,
    "needle": "어썸울 4mm",
    "time": "9시간",
    "yarn_length": 379.8,
    "yarn_name": "링클코튼",
    "yarn_weight": 62.5,
    "board_id": 171
  },
  {
    "material_id": 359,
    "needle": "로즈우드 5mm",
    "time": "16시간",
    "yarn_length": 477.8,
    "yarn_name": "세컨스킨 클래식",
    "yarn_weight": 118.9,
    "board_id": 172
  },
  {
    "material_id": 360,
    "needle": "로즈우드 5mm",
    "time": "75시간",
    "yarn_length": 331,
    "yarn_name": "나긋해 릴렉스 코튼",
    "yarn_weight": 245.3,
    "board_id": 173
  },
  {
    "material_id": 361,
    "needle": "로즈우드 5mm",
    "time": "40시간",
    "yarn_length": 586.9,
    "yarn_name": "링클코튼",
    "yarn_weight": 154.6,
    "board_id": 174
  },
  {
    "material_id": 362,
    "needle": "한일 4.5mm",
    "time": "18시간",
    "yarn_length": 204.3,
    "yarn_name": "링클코튼",
    "yarn_weight": 56.6,
    "board_id": 175
  },
  {
    "material_id": 363,
    "needle": "한일 4.5mm",
    "time": "75시간",
    "yarn_length": 120,
    "yarn_name": "옥스퍼드 코튼",
    "yarn_weight": 176.6,
    "board_id": 176
  },
  {
    "material_id": 364,
    "needle": "어썸울 4mm",
    "time": "67시간",
    "yarn_length": 290,
    "yarn_name": "옥스퍼드 코튼",
    "yarn_weight": 131.6,
    "board_id": 177
  },
  {
    "material_id": 365,
    "needle": "어썸울 4mm",
    "time": "34시간",
    "yarn_length": 465,
    "yarn_name": "링클코튼",
    "yarn_weight": 63.8,
    "board_id": 178
  },
  {
    "material_id": 366,
    "needle": "어썸울 4mm",
    "time": "74시간",
    "yarn_length": 364.2,
    "yarn_name": "세컨스킨 클래식",
    "yarn_weight": 157.4,
    "board_id": 179
  },
  {
    "material_id": 367,
    "needle": "한일 4.5mm",
    "time": "46시간",
    "yarn_length": 107.7,
    "yarn_name": "링클코튼",
    "yarn_weight": 165.8,
    "board_id": 180
  },
  {
    "material_id": 368,
    "needle": "로즈우드 5mm",
    "time": "87시간",
    "yarn_length": 186.2,
    "yarn_name": "세컨스킨 클래식",
    "yarn_weight": 207.1,
    "board_id": 181
  },
  {
    "material_id": 369,
    "needle": "메리야스토리 4.5mm",
    "time": "38시간",
    "yarn_length": 315.2,
    "yarn_name": "나긋해 릴렉스 코튼",
    "yarn_weight": 222.6,
    "board_id": 182
  },
  {
    "material_id": 370,
    "needle": "어썸울 4mm",
    "time": "53시간",
    "yarn_length": 575.9,
    "yarn_name": "나긋해 릴렉스 코튼",
    "yarn_weight": 65.8,
    "board_id": 183
  },
  {
    "material_id": 371,
    "needle": "인터랙트 6mm",
    "time": "94시간",
    "yarn_length": 191.8,
    "yarn_name": "나긋해 릴렉스 코튼",
    "yarn_weight": 244.7,
    "board_id": 184
  },
  {
    "material_id": 372,
    "needle": "한일 4.5mm",
    "time": "85시간",
    "yarn_length": 374.6,
    "yarn_name": "나긋해 릴렉스 코튼",
    "yarn_weight": 142.6,
    "board_id": 185
  },
  {
    "material_id": 373,
    "needle": "로즈우드 5mm",
    "time": "86시간",
    "yarn_length": 266.2,
    "yarn_name": "나긋해 릴렉스 코튼",
    "yarn_weight": 145.1,
    "board_id": 186
  },
  {
    "material_id": 374,
    "needle": "메리야스토리 4.5mm",
    "time": "5시간",
    "yarn_length": 566.4,
    "yarn_name": "링클코튼",
    "yarn_weight": 225.6,
    "board_id": 187
  },
  {
    "material_id": 375,
    "needle": "로즈우드 5mm",
    "time": "29시간",
    "yarn_length": 131.9,
    "yarn_name": "세컨스킨 클래식",
    "yarn_weight": 82.9,
    "board_id": 188
  },
  {
    "material_id": 376,
    "needle": "한일 4.5mm",
    "time": "56시간",
    "yarn_length": 369.2,
    "yarn_name": "나긋해 릴렉스 코튼",
    "yarn_weight": 158.6,
    "board_id": 189
  },
  {
    "material_id": 377,
    "needle": "로즈우드 5mm",
    "time": "48시간",
    "yarn_length": 346.3,
    "yarn_name": "나긋해 릴렉스 코튼",
    "yarn_weight": 206.2,
    "board_id": 190
  },
  {
    "material_id": 425,
    "needle": "대바늘",
    "time": "3시간",
    "yarn_length": 3.5,
    "yarn_name": "노패턴실",
    "yarn_weight": 3.5,
    "board_id": 468
  },
  {
    "material_id": 426,
    "needle": "대바늘",
    "time": "3시간",
    "yarn_length": 3.5,
    "yarn_name": "노패턴실",
    "yarn_weight": 3.5,
    "board_id": 469
  },
  {
    "material_id": 427,
    "needle": "대바늘",
    "time": "3시간",
    "yarn_length": 3.5,
    "yarn_name": "노패턴실",
    "yarn_weight": 3.5,
    "board_id": 470
  },
  {
    "material_id": 428,
    "needle": "대바늘",
    "time": "3시간",
    "yarn_length": 3.5,
    "yarn_name": "노패턴실",
    "yarn_weight": 3.5,
    "board_id": 471
  },
  {
    "material_id": 429,
    "needle": "sdaf",
    "time": "asdf",
    "yarn_length": 12,
    "yarn_name": "asdf",
    "yarn_weight": 312,
    "board_id": 472
  },
  {
    "material_id": 430,
    "needle": "fasdf",
    "time": "sdaf",
    "yarn_length": 12312,
    "yarn_name": "sdf",
    "yarn_weight": 31232,
    "board_id": 473
  },
  {
    "material_id": 431,
    "needle": "ㄴㅇㅁㄹ",
    "time": "ㄴㅁㅇㄹ",
    "yarn_length": 213,
    "yarn_name": "ㄴㅇㅁㄹ",
    "yarn_weight": 123,
    "board_id": 474
  },
  {
    "material_id": 432,
    "needle": "sadf",
    "time": "sadf",
    "yarn_length": 123,
    "yarn_name": "asdf",
    "yarn_weight": 123,
    "board_id": 475
  },
  {
    "material_id": 433,
    "needle": "대바늘",
    "time": "일주일",
    "yarn_length": null,
    "yarn_name": "긴실",
    "yarn_weight": null,
    "board_id": 476
  },
  {
    "material_id": 434,
    "needle": "대바늘",
    "time": "일주일",
    "yarn_length": null,
    "yarn_name": "긴실",
    "yarn_weight": null,
    "board_id": 477
  },
  {
    "material_id": 435,
    "needle": "대바늘",
    "time": "일주일",
    "yarn_length": null,
    "yarn_name": "긴실",
    "yarn_weight": null,
    "board_id": 478
  },
  {
    "material_id": 436,
    "needle": "대바늘",
    "time": "일주일",
    "yarn_length": null,
    "yarn_name": "긴실",
    "yarn_weight": null,
    "board_id": 479
  },
  {
    "material_id": 437,
    "needle": "대바늘",
    "time": "일주일",
    "yarn_length": null,
    "yarn_name": "긴실",
    "yarn_weight": null,
    "board_id": 480
  },
  {
    "material_id": 438,
    "needle": "대바늘",
    "time": "일주일",
    "yarn_length": null,
    "yarn_name": "긴실",
    "yarn_weight": null,
    "board_id": 481
  },
  {
    "material_id": 439,
    "needle": "대바늘",
    "time": "5시간",
    "yarn_length": null,
    "yarn_name": "yellow",
    "yarn_weight": null,
    "board_id": 482
  },
  {
    "material_id": 440,
    "needle": "s",
    "time": "12",
    "yarn_length": null,
    "yarn_name": "s",
    "yarn_weight": null,
    "board_id": 483
  },
  {
    "material_id": 441,
    "needle": "대바늘",
    "time": "5시간",
    "yarn_length": null,
    "yarn_name": "파란실",
    "yarn_weight": null,
    "board_id": 484
  },
  {
    "material_id": 442,
    "needle": "대바늘",
    "time": "5시간",
    "yarn_length": null,
    "yarn_name": "yellow",
    "yarn_weight": null,
    "board_id": 485
  },
  {
    "material_id": 443,
    "needle": "대바늘",
    "time": "5시간",
    "yarn_length": null,
    "yarn_name": "aaa",
    "yarn_weight": null,
    "board_id": 486
  },
  {
    "material_id": 444,
    "needle": "대바늘",
    "time": "5시간",
    "yarn_length": null,
    "yarn_name": "파란실",
    "yarn_weight": null,
    "board_id": 487
  }
]