[
  {
    "needle_id": 1,
    "crochet": 0,
    "hook": "B",
    "knitting": 0,
    "metric": 2.25,
    "name": "US 1  - 2.25 mm",
    "pretty_metric": "2.25",
    "us": "1 ",
    "us_steel": "2"
  },
  {
    "needle_id": 2,
    "crochet": 0,
    "hook": "C",
    "knitting": 0,
    "metric": 2.75,
    "name": "2.75 mm (C)",
    "pretty_metric": "2.75",
    "us": "2.0",
    "us_steel": "1"
  },
  {
    "needle_id": 3,
    "crochet": 0,
    "hook": "D",
    "knitting": 0,
    "metric": 3.25,
    "name": "3.25 mm (D)",
    "pretty_metric": "3.25",
    "us": "3.0",
    "us_steel": "0"
  },
  {
    "needle_id": 4,
    "crochet": 0,
    "hook": "E",
    "knitting": 0,
    "metric": 3.5,
    "name": "US 4  - 3.5 mm",
    "pretty_metric": "3.5",
    "us": "4 ",
    "us_steel": "00"
  },
  {
    "needle_id": 5,
    "crochet": 0,
    "hook": "F",
    "knitting": 0,
    "metric": 3.75,
    "name": "3.75 mm (F)",
    "pretty_metric": "3.75",
    "us": "5.0",
    "us_steel": "null"
  },
  {
    "needle_id": 6,
    "crochet": 0,
    "hook": "G",
    "knitting": 0,
    "metric": 4,
    "name": "US 6  - 4.0 mm",
    "pretty_metric": "4",
    "us": "6 ",
    "us_steel": "null"
  },
  {
    "needle_id": 7,
    "crochet": 0,
    "hook": "null",
    "knitting": 0,
    "metric": 4.5,
    "name": "US 7  - 4.5 mm",
    "pretty_metric": "4.5",
    "us": "7 ",
    "us_steel": "null"
  },
  {
    "needle_id": 8,
    "crochet": 0,
    "hook": "H",
    "knitting": 0,
    "metric": 5,
    "name": "US 8  - 5.0 mm",
    "pretty_metric": "5",
    "us": "8 ",
    "us_steel": "null"
  },
  {
    "needle_id": 9,
    "crochet": 0,
    "hook": "I",
    "knitting": 0,
    "metric": 5.5,
    "name": "US 9  - 5.5 mm",
    "pretty_metric": "5.5",
    "us": "9 ",
    "us_steel": "null"
  },
  {
    "needle_id": 10,
    "crochet": 0,
    "hook": "J",
    "knitting": 0,
    "metric": 6,
    "name": "US 10  - 6.0 mm",
    "pretty_metric": "6",
    "us": "10 ",
    "us_steel": "null"
  },
  {
    "needle_id": 11,
    "crochet": 0,
    "hook": "K",
    "knitting": 0,
    "metric": 6.5,
    "name": "US 10½ - 6.5 mm",
    "pretty_metric": "6.5",
    "us": "10½",
    "us_steel": "null"
  },
  {
    "needle_id": 12,
    "crochet": 0,
    "hook": "L",
    "knitting": 0,
    "metric": 8,
    "name": "8.0 mm (L)",
    "pretty_metric": "8",
    "us": "11.0",
    "us_steel": "null"
  },
  {
    "needle_id": 13,
    "crochet": 0,
    "hook": "M/N",
    "knitting": 0,
    "metric": 9,
    "name": "US 13  - 9.0 mm",
    "pretty_metric": "9",
    "us": "13 ",
    "us_steel": "null"
  },
  {
    "needle_id": 14,
    "crochet": 0,
    "hook": "N/P",
    "knitting": 0,
    "metric": 10,
    "name": "10.0 mm (N/P)",
    "pretty_metric": "10",
    "us": "15.0",
    "us_steel": "null"
  },
  {
    "needle_id": 15,
    "crochet": 0,
    "hook": "null",
    "knitting": 0,
    "metric": 12,
    "name": "US 17  - 12.0 mm",
    "pretty_metric": "12",
    "us": "17 ",
    "us_steel": "null"
  },
  {
    "needle_id": 16,
    "crochet": 0,
    "hook": "P/Q",
    "knitting": 0,
    "metric": 15,
    "name": "US 19  - 15.0 mm",
    "pretty_metric": "15",
    "us": "19 ",
    "us_steel": "null"
  },
  {
    "needle_id": 17,
    "crochet": 0,
    "hook": "S",
    "knitting": 0,
    "metric": 19,
    "name": "US 35  - 19.0 mm",
    "pretty_metric": "19",
    "us": "35 ",
    "us_steel": "null"
  },
  {
    "needle_id": 18,
    "crochet": 0,
    "hook": "null",
    "knitting": 0,
    "metric": 25,
    "name": "US 50  - 25.0 mm",
    "pretty_metric": "25",
    "us": "50 ",
    "us_steel": "null"
  },
  {
    "needle_id": 19,
    "crochet": 0,
    "hook": "null",
    "knitting": 0,
    "metric": 2,
    "name": "US 0 - 2.0 mm",
    "pretty_metric": "2",
    "us": "0",
    "us_steel": "4"
  },
  {
    "needle_id": 20,
    "crochet": 0,
    "hook": "null",
    "knitting": 0,
    "metric": 3,
    "name": "US 2½ - 3.0 mm",
    "pretty_metric": "3",
    "us": "2½",
    "us_steel": "null"
  },
  {
    "needle_id": 21,
    "crochet": 0,
    "hook": "null",
    "knitting": 0,
    "metric": 2.5,
    "name": "US 1½ - 2.5 mm",
    "pretty_metric": "2.5",
    "us": "1½",
    "us_steel": "null"
  },
  {
    "needle_id": 22,
    "crochet": 0,
    "hook": "null",
    "knitting": 0,
    "metric": 1.75,
    "name": "1.75 mm",
    "pretty_metric": "1.75",
    "us": "00",
    "us_steel": "null"
  },
  {
    "needle_id": 23,
    "crochet": 0,
    "hook": "null",
    "knitting": 0,
    "metric": 7,
    "name": "7.0 mm",
    "pretty_metric": "7",
    "us": "null",
    "us_steel": "null"
  },
  {
    "needle_id": 24,
    "crochet": 0,
    "hook": "null",
    "knitting": 0,
    "metric": 7.5,
    "name": "7.5 mm",
    "pretty_metric": "7.5",
    "us": "null",
    "us_steel": "null"
  },
  {
    "needle_id": 25,
    "crochet": 0,
    "hook": "null",
    "knitting": 0,
    "metric": 0.6,
    "name": "0.6 mm",
    "pretty_metric": "0.6",
    "us": "null",
    "us_steel": "null"
  },
  {
    "needle_id": 26,
    "crochet": 0,
    "hook": "null",
    "knitting": 0,
    "metric": 0.7,
    "name": "0.7 mm",
    "pretty_metric": "0.7",
    "us": "null",
    "us_steel": "null"
  },
  {
    "needle_id": 27,
    "crochet": 0,
    "hook": "null",
    "knitting": 0,
    "metric": 0.75,
    "name": "0.75 mm",
    "pretty_metric": "0.75",
    "us": "null",
    "us_steel": "14"
  },
  {
    "needle_id": 28,
    "crochet": 0,
    "hook": "null",
    "knitting": 0,
    "metric": 0.85,
    "name": "0.85 mm",
    "pretty_metric": "0.85",
    "us": "null",
    "us_steel": "13"
  },
  {
    "needle_id": 29,
    "crochet": 0,
    "hook": "null",
    "knitting": 0,
    "metric": 0.9,
    "name": "0.9 mm",
    "pretty_metric": "0.9",
    "us": "null",
    "us_steel": "null"
  },
  {
    "needle_id": 30,
    "crochet": 0,
    "hook": "null",
    "knitting": 0,
    "metric": 1,
    "name": "1.0 mm",
    "pretty_metric": "1",
    "us": "null",
    "us_steel": "12"
  },
  {
    "needle_id": 31,
    "crochet": 0,
    "hook": "null",
    "knitting": 0,
    "metric": 1.05,
    "name": "1.05 mm",
    "pretty_metric": "1.05",
    "us": "null",
    "us_steel": "null"
  },
  {
    "needle_id": 32,
    "crochet": 0,
    "hook": "null",
    "knitting": 0,
    "metric": 1.1,
    "name": "1.1 mm",
    "pretty_metric": "1.1",
    "us": "null",
    "us_steel": "null"
  },
  {
    "needle_id": 33,
    "crochet": 0,
    "hook": "null",
    "knitting": 0,
    "metric": 1.15,
    "name": "1.15 mm",
    "pretty_metric": "1.15",
    "us": "null",
    "us_steel": "null"
  },
  {
    "needle_id": 34,
    "crochet": 0,
    "hook": "null",
    "knitting": 0,
    "metric": 1.25,
    "name": "1.25 mm",
    "pretty_metric": "1.25",
    "us": "null",
    "us_steel": "null"
  },
  {
    "needle_id": 35,
    "crochet": 0,
    "hook": "null",
    "knitting": 0,
    "metric": 1.3,
    "name": "1.3 mm",
    "pretty_metric": "1.3",
    "us": "null",
    "us_steel": "10"
  },
  {
    "needle_id": 36,
    "crochet": 0,
    "hook": "null",
    "knitting": 0,
    "metric": 1.4,
    "name": "1.4 mm",
    "pretty_metric": "1.4",
    "us": "null",
    "us_steel": "9"
  },
  {
    "needle_id": 37,
    "crochet": 0,
    "hook": "null",
    "knitting": 0,
    "metric": 1.5,
    "name": "1.5 mm",
    "pretty_metric": "1.5",
    "us": "null",
    "us_steel": "8"
  },
  {
    "needle_id": 38,
    "crochet": 0,
    "hook": "null",
    "knitting": 0,
    "metric": 1.65,
    "name": "1.65 mm",
    "pretty_metric": "1.65",
    "us": "null",
    "us_steel": "7"
  },
  {
    "needle_id": 39,
    "crochet": 0,
    "hook": "null",
    "knitting": 0,
    "metric": 1.5,
    "name": "US 000 - 1.5 mm",
    "pretty_metric": "1.5",
    "us": "000",
    "us_steel": "null"
  },
  {
    "needle_id": 44,
    "crochet": 0,
    "hook": "null",
    "knitting": 0,
    "metric": 1.8,
    "name": "1.8 mm",
    "pretty_metric": "1.8",
    "us": "null",
    "us_steel": "6"
  },
  {
    "needle_id": 45,
    "crochet": 0,
    "hook": "null",
    "knitting": 0,
    "metric": 1.9,
    "name": "1.9 mm",
    "pretty_metric": "1.9",
    "us": "null",
    "us_steel": "5"
  },
  {
    "needle_id": 46,
    "crochet": 0,
    "hook": "null",
    "knitting": 0,
    "metric": 2.1,
    "name": "2.1 mm",
    "pretty_metric": "2.1",
    "us": "null",
    "us_steel": "3"
  },
  {
    "needle_id": 47,
    "crochet": 0,
    "hook": "null",
    "knitting": 0,
    "metric": 1.1,
    "name": "1.1 mm",
    "pretty_metric": "1.1",
    "us": "null",
    "us_steel": "11"
  },
  {
    "needle_id": 51,
    "crochet": 0,
    "hook": "P",
    "knitting": 0,
    "metric": 11.5,
    "name": "11.5 mm (P)",
    "pretty_metric": "11.5",
    "us": "16",
    "us_steel": "null"
  }
]