[
  {
    "member_id": 4,
    "pattern_id": 1138,
    "created_date": "2023-04-06"
  },
  {
    "member_id": 5,
    "pattern_id": 17,
    "created_date": "2023-04-06"
  },
  {
    "member_id": 5,
    "pattern_id": 104,
    "created_date": "2023-04-06"
  },
  {
    "member_id": 5,
    "pattern_id": 1315,
    "created_date": "2023-04-06"
  },
  {
    "member_id": 15,
    "pattern_id": 104,
    "created_date": "2023-04-06"
  },
  {
    "member_id": 16,
    "pattern_id": 104,
    "created_date": "2023-04-01"
  },
  {
    "member_id": 18,
    "pattern_id": 104,
    "created_date": "2023-04-06"
  },
  {
    "member_id": 22,
    "pattern_id": 149,
    "created_date": "2023-04-02"
  },
  {
    "member_id": 26,
    "pattern_id": 149,
    "created_date": "2023-04-06"
  },
  {
    "member_id": 26,
    "pattern_id": 1138,
    "created_date": "2023-04-03"
  },
  {
    "member_id": 61,
    "pattern_id": 1347,
    "created_date": "2023-04-06"
  },
  {
    "member_id": 64,
    "pattern_id": 1128,
    "created_date": "2023-04-06"
  },
  {
    "member_id": 64,
    "pattern_id": 1347,
    "created_date": "2023-04-06"
  },
  {
    "member_id": 64,
    "pattern_id": 1906,
    "created_date": "2023-04-06"
  },
  {
    "member_id": 73,
    "pattern_id": 1315,
    "created_date": "2023-04-06"
  },
  {
    "member_id": 75,
    "pattern_id": 1906,
    "created_date": "2023-04-06"
  },
  {
    "member_id": 77,
    "pattern_id": 1138,
    "created_date": "2023-04-07"
  },
  {
    "member_id": 80,
    "pattern_id": 1128,
    "created_date": "2023-04-06"
  },
  {
    "member_id": 80,
    "pattern_id": 1347,
    "created_date": "2023-04-06"
  },
  {
    "member_id": 90,
    "pattern_id": 137,
    "created_date": "2023-04-06"
  },
  {
    "member_id": 92,
    "pattern_id": 137,
    "created_date": "2023-04-06"
  },
  {
    "member_id": 93,
    "pattern_id": 137,
    "created_date": "2023-04-06"
  },
  {
    "member_id": 94,
    "pattern_id": 137,
    "created_date": "2023-04-06"
  },
  {
    "member_id": 95,
    "pattern_id": 137,
    "created_date": "2023-04-06"
  },
  {
    "member_id": 105,
    "pattern_id": 1128,
    "created_date": "2023-04-06"
  },
  {
    "member_id": 105,
    "pattern_id": 1304,
    "created_date": "2023-04-06"
  },
  {
    "member_id": 105,
    "pattern_id": 1469,
    "created_date": "2023-04-06"
  },
  {
    "member_id": 181,
    "pattern_id": 104,
    "created_date": "2023-04-06"
  },
  {
    "member_id": 182,
    "pattern_id": 104,
    "created_date": "2023-04-06"
  },
  {
    "member_id": 184,
    "pattern_id": 104,
    "created_date": "2023-04-06"
  },
  {
    "member_id": 192,
    "pattern_id": 137,
    "created_date": "2023-04-06"
  },
  {
    "member_id": 271,
    "pattern_id": 104,
    "created_date": "2023-04-06"
  },
  {
    "member_id": 272,
    "pattern_id": 104,
    "created_date": "2023-04-06"
  },
  {
    "member_id": 272,
    "pattern_id": 1248,
    "created_date": "2023-04-06"
  },
  {
    "member_id": 272,
    "pattern_id": 1442,
    "created_date": "2023-04-06"
  },
  {
    "member_id": 272,
    "pattern_id": 1492,
    "created_date": "2023-04-06"
  },
  {
    "member_id": 272,
    "pattern_id": 1624,
    "created_date": "2023-04-06"
  }
]