[
  {
    "thumbnail_id": 1,
    "main_img": "https://lh3.googleusercontent.com/a/AGNmyxZn4VZyGiPe7k53LhrRGr0shiS4HNo7zqpAT7Ll=s96-c",
    "thumb_img": "https://lh3.googleusercontent.com/a/AGNmyxZn4VZyGiPe7k53LhrRGr0shiS4HNo7zqpAT7Ll=s96-c"
  },
  {
    "thumbnail_id": 2,
    "main_img": "https://lh3.googleusercontent.com/a/AGNmyxZ5NL8JNPJwaiCcJ92VmpZR2h9wtQNlxASc5AFy=s96-c",
    "thumb_img": "https://lh3.googleusercontent.com/a/AGNmyxZ5NL8JNPJwaiCcJ92VmpZR2h9wtQNlxASc5AFy=s96-c"
  },
  {
    "thumbnail_id": 3,
    "main_img": "https://lh3.googleusercontent.com/a/AGNmyxbbPX9XHhhqwKIjI-MUKmy-cdhqpX7QFrePbFsC=s96-c",
    "thumb_img": "https://lh3.googleusercontent.com/a/AGNmyxbbPX9XHhhqwKIjI-MUKmy-cdhqpX7QFrePbFsC=s96-c"
  },
  {
    "thumbnail_id": 4,
    "main_img": "https://lh3.googleusercontent.com/a/AGNmyxaD5TtGPHmt21KwHHwXHbhalrX0VwrAYF72dkKw5g=s96-c",
    "thumb_img": "https://lh3.googleusercontent.com/a/AGNmyxaD5TtGPHmt21KwHHwXHbhalrX0VwrAYF72dkKw5g=s96-c"
  },
  {
    "thumbnail_id": 5,
    "main_img": "https://lh3.googleusercontent.com/a/AGNmyxY3wMtZa0A5EpU0zyWRnYM5HeV_WW-6lTNrd40j=s96-c",
    "thumb_img": "https://lh3.googleusercontent.com/a/AGNmyxY3wMtZa0A5EpU0zyWRnYM5HeV_WW-6lTNrd40j=s96-c"
  },
  {
    "thumbnail_id": 6,
    "main_img": "https://lh3.googleusercontent.com/a/AGNmyxZYhiPguDv2KOm-x9KDaZjOHvjbR203to46gkzQ=s96-c",
    "thumb_img": "https://lh3.googleusercontent.com/a/AGNmyxZYhiPguDv2KOm-x9KDaZjOHvjbR203to46gkzQ=s96-c"
  },
  {
    "thumbnail_id": 7,
    "main_img": "https://lh3.googleusercontent.com/a/AGNmyxagrs6EY3wDXDJR4V9miYOmcv8YfuPwFLWrgmqM=s96-c",
    "thumb_img": "https://lh3.googleusercontent.com/a/AGNmyxagrs6EY3wDXDJR4V9miYOmcv8YfuPwFLWrgmqM=s96-c"
  },
  {
    "thumbnail_id": 8,
    "main_img": "https://lh3.googleusercontent.com/a/AGNmyxZ6oOpKrr-EaUAFZdMmoEyB5Jqu-jAqPjOny6wl=s96-c",
    "thumb_img": "https://lh3.googleusercontent.com/a/AGNmyxZ6oOpKrr-EaUAFZdMmoEyB5Jqu-jAqPjOny6wl=s96-c"
  },
  {
    "thumbnail_id": 10,
    "main_img": "https://lh3.googleusercontent.com/a/AGNmyxbCFsxwyMftTMlLpYZDPgmfElIxbOJdPn9YJoiu-w=s96-c",
    "thumb_img": "https://lh3.googleusercontent.com/a/AGNmyxbCFsxwyMftTMlLpYZDPgmfElIxbOJdPn9YJoiu-w=s96-c"
  },
  {
    "thumbnail_id": 11,
    "main_img": "https://lh3.googleusercontent.com/a/AGNmyxY3DhtJ9V9uE_L948_D6FqEN0N9OYBLeaVDZ-5z=s96-c",
    "thumb_img": "https://lh3.googleusercontent.com/a/AGNmyxY3DhtJ9V9uE_L948_D6FqEN0N9OYBLeaVDZ-5z=s96-c"
  },
  {
    "thumbnail_id": 13,
    "main_img": "C:\\S08P22C201\\tink\\image\\20230406\\1680763180111\\origin\\2ce61993-252c-4124-a2eb-276614ab5802.png",
    "thumb_img": "C:\\S08P22C201\\tink\\image\\20230406\\1680763180111\\thumb\\2ce61993-252c-4124-a2eb-276614ab5802.png"
  },
  {
    "thumbnail_id": 14,
    "main_img": "C:\\S08P22C201\\tink\\image\\20230406\\1680763180111\\origin\\303d139f-bd30-49b5-8da3-f6f6b26980bd.png",
    "thumb_img": "C:\\S08P22C201\\tink\\image\\20230406\\1680763180111\\thumb\\303d139f-bd30-49b5-8da3-f6f6b26980bd.png"
  },
  {
    "thumbnail_id": 15,
    "main_img": "C:\\S08P22C201\\tink\\image\\20230406\\1680763180111\\origin\\1abb6124-5a3a-473d-8078-ad25735c3262.png",
    "thumb_img": "C:\\S08P22C201\\tink\\image\\20230406\\1680763180111\\thumb\\1abb6124-5a3a-473d-8078-ad25735c3262.png"
  },
  {
    "thumbnail_id": 16,
    "main_img": "C:\\S08P22C201\\tink\\image\\20230406\\1680763601930\\origin\\9cdf8f5e-2984-48f5-8d17-623211fe6594.png",
    "thumb_img": "C:\\S08P22C201\\tink\\image\\20230406\\1680763601930\\thumb\\9cdf8f5e-2984-48f5-8d17-623211fe6594.png"
  },
  {
    "thumbnail_id": 17,
    "main_img": "C:\\S08P22C201\\tink\\image\\20230406\\1680761921288\\origin\\b3cb6b2a-586e-4b08-a2d3-fece37d6335e.png",
    "thumb_img": "C:\\S08P22C201\\tink\\image\\20230406\\1680761921288\\thumb\\b3cb6b2a-586e-4b08-a2d3-fece37d6335e.png"
  },
  {
    "thumbnail_id": 18,
    "main_img": "C:\\S08P22C201\\tink\\image\\20230406\\1680761921288\\origin\\49056520-048d-4eb7-9263-6c50883bd25a.png",
    "thumb_img": "C:\\S08P22C201\\tink\\image\\20230406\\1680761921288\\thumb\\49056520-048d-4eb7-9263-6c50883bd25a.png"
  },
  {
    "thumbnail_id": 19,
    "main_img": "C:\\S08P22C201\\tink\\image\\20230406\\1680769962786\\origin\\efccde22-88a3-4b78-ab89-0821a1284ee0.png",
    "thumb_img": "C:\\S08P22C201\\tink\\image\\20230406\\1680769962786\\thumb\\efccde22-88a3-4b78-ab89-0821a1284ee0.png"
  },
  {
    "thumbnail_id": 20,
    "main_img": "C:\\S08P22C201\\tink\\image\\20230406\\1680769962786\\origin\\ec94311b-6092-4328-ab6e-334ce816cd3a.png",
    "thumb_img": "C:\\S08P22C201\\tink\\image\\20230406\\1680769962786\\thumb\\ec94311b-6092-4328-ab6e-334ce816cd3a.png"
  },
  {
    "thumbnail_id": 21,
    "main_img": "C:\\S08P22C201\\tink\\image\\20230406\\1680778610425\\origin\\17a5b538-0638-4dd5-b118-31047971655d.png",
    "thumb_img": "C:\\S08P22C201\\tink\\image\\20230406\\1680778610425\\thumb\\17a5b538-0638-4dd5-b118-31047971655d.png"
  },
  {
    "thumbnail_id": 22,
    "main_img": "C:\\S08P22C201\\tink\\image\\20230406\\1680778610425\\origin\\e1848d4a-6274-4935-b4cb-27e110f4cc54.png",
    "thumb_img": "C:\\S08P22C201\\tink\\image\\20230406\\1680778610425\\thumb\\e1848d4a-6274-4935-b4cb-27e110f4cc54.png"
  },
  {
    "thumbnail_id": 23,
    "main_img": "C:\\S08P22C201\\tink\\image\\20230406\\1680781455723\\origin\\c145285d-5da3-44f9-89f5-fd6977faba81.png",
    "thumb_img": "C:\\S08P22C201\\tink\\image\\20230406\\1680781455723\\thumb\\c145285d-5da3-44f9-89f5-fd6977faba81.png"
  },
  {
    "thumbnail_id": 24,
    "main_img": "C:\\S08P22C201\\tink\\image\\20230406\\1680781455723\\origin\\2ea1dd51-22ba-4582-bbac-1669364852f5.png",
    "thumb_img": "C:\\S08P22C201\\tink\\image\\20230406\\1680781455723\\thumb\\2ea1dd51-22ba-4582-bbac-1669364852f5.png"
  },
  {
    "thumbnail_id": 25,
    "main_img": "C:\\S08P22C201\\tink\\image\\20230406\\1680781455723\\origin\\5f68a09c-e78c-4d46-9c8e-5f095bbd32bd.png",
    "thumb_img": "C:\\S08P22C201\\tink\\image\\20230406\\1680781455723\\thumb\\5f68a09c-e78c-4d46-9c8e-5f095bbd32bd.png"
  },
  {
    "thumbnail_id": 26,
    "main_img": "C:\\S08P22C201\\tink\\image\\20230406\\1680781455723\\origin\\5d1a3468-8f69-44e7-b869-58719428dcac.png",
    "thumb_img": "C:\\S08P22C201\\tink\\image\\20230406\\1680781455723\\thumb\\5d1a3468-8f69-44e7-b869-58719428dcac.png"
  },
  {
    "thumbnail_id": 27,
    "main_img": "/home/ubuntu/upload/20230406/1680772139334/origin/2ad505e1-b6b7-4f6e-a002-ecfb98726e1a.png",
    "thumb_img": "/home/ubuntu/upload/20230406/1680772139334/thumb/2ad505e1-b6b7-4f6e-a002-ecfb98726e1a.png"
  },
  {
    "thumbnail_id": 28,
    "main_img": "/home/ubuntu/upload/20230406/1680772139334/origin/e51118f3-c930-4cda-8715-f7afb6be215f.png",
    "thumb_img": "/home/ubuntu/upload/20230406/1680772139334/thumb/e51118f3-c930-4cda-8715-f7afb6be215f.png"
  },
  {
    "thumbnail_id": 29,
    "main_img": "/home/ubuntu/upload/20230406/1680784069671/origin/3448403e-589d-4124-a031-070dd62754cb.png",
    "thumb_img": "/home/ubuntu/upload/20230406/1680784069671/thumb/3448403e-589d-4124-a031-070dd62754cb.png"
  },
  {
    "thumbnail_id": 30,
    "main_img": "/home/ubuntu/upload/20230406/1680784069671/origin/83b7d5c4-de9c-448f-926b-5cfa9b198371.png",
    "thumb_img": "/home/ubuntu/upload/20230406/1680784069671/thumb/83b7d5c4-de9c-448f-926b-5cfa9b198371.png"
  },
  {
    "thumbnail_id": 31,
    "main_img": "C:\\S08P22C201\\tink\\image\\20230406\\1680785228930\\origin\\3280c9ce-2e6e-441f-8df1-65b6dd473412.png",
    "thumb_img": "C:\\S08P22C201\\tink\\image\\20230406\\1680785228930\\thumb\\3280c9ce-2e6e-441f-8df1-65b6dd473412.png"
  },
  {
    "thumbnail_id": 32,
    "main_img": "C:\\S08P22C201\\tink\\image\\20230406\\1680785832247\\origin\\aaa95b70-9227-4478-965b-331d3ca840d2.png",
    "thumb_img": "C:\\S08P22C201\\tink\\image\\20230406\\1680785832247\\thumb\\aaa95b70-9227-4478-965b-331d3ca840d2.png"
  }
]