[
  {
    "yarn_sale_id": 1,
    "company": "필립섬유",
    "gram": "1볼 ±250g",
    "img": "https://sevytr8081.cdn-nhncommerce.com/data/goods/19/04/15/1000001169/1000001169_magnify_020.jpg",
    "ingredient": "면 80%, 폴리에스터 20%",
    "len": "250m",
    "needle": "대바늘 5.0~7.0mm, 코바늘 5/0~7/0호",
    "origin": "터키",
    "price": 10000,
    "url": "https://www.sevy.co.kr/goods/goods_view.php?goodsNo=1000001169"
  },
  {
    "yarn_sale_id": 2,
    "company": "필립섬유",
    "gram": "1볼 ±40g",
    "img": "https://sevytr8081.cdn-nhncommerce.com/data/goods/17/06/23/1000000632/1000000632_magnify_09.jpg",
    "ingredient": "지정외섬유(종이) 100%",
    "len": "100m",
    "needle": "코바늘 6/0~7/0호,대바늘 4.5~4.8mm",
    "origin": "대만",
    "price": 8000,
    "url": "https://www.sevy.co.kr/goods/goods_view.php?goodsNo=1000000632"
  },
  {
    "yarn_sale_id": 3,
    "company": "필립섬유",
    "gram": "1볼 ±250g",
    "img": "https://sevytr8081.cdn-nhncommerce.com/data/goods/22/06/23/1000002597/1000002597_magnify_0100.jpg",
    "ingredient": "면 100%",
    "len": "100m",
    "needle": "모사용 코바늘 8/0~10/0호, 대바늘 5.0mm~7.0mm",
    "origin": "대한민국",
    "price": 13000,
    "url": "https://www.sevy.co.kr/goods/goods_view.php?goodsNo=1000002597"
  },
  {
    "yarn_sale_id": 4,
    "company": "필립섬유",
    "gram": "1볼 ±250g",
    "img": "https://sevytr8081.cdn-nhncommerce.com/data/goods/19/04/15/1000001169/1000001169_magnify_020.jpg",
    "ingredient": "면 80%, 폴리에스터 20%",
    "len": "250m",
    "needle": "대바늘 5.0~7.0mm, 코바늘 5/0~7/0호",
    "origin": "터키",
    "price": 10000,
    "url": "https://www.sevy.co.kr/goods/goods_view.php?goodsNo=1000001169"
  },
  {
    "yarn_sale_id": 5,
    "company": "필립섬유",
    "gram": "1볼 ±65g",
    "img": "https://sevytr8081.cdn-nhncommerce.com/data/goods/19/08/35/1000001303/1000001303_magnify_049.jpg",
    "ingredient": "면 38%, 폴리 25%, 나일론 37%",
    "len": "75m",
    "needle": "대바늘 4.0~6.0mm, 코바늘 6/0~8/0호",
    "origin": "한국",
    "price": 5500,
    "url": "https://www.sevy.co.kr/goods/goods_view.php?goodsNo=1000001303"
  },
  {
    "yarn_sale_id": 6,
    "company": "필립섬유",
    "gram": "1볼 ±50g",
    "img": "https://sevytr8081.cdn-nhncommerce.com/data/goods/20/09/39/1000001687/1000001687_magnify_021.gif",
    "ingredient": "메리노울 30%, 면 70%",
    "len": "120m",
    "needle": "대바늘 4.5~5.0mm, 코바늘 6/0-7/0호",
    "origin": "이태리",
    "price": 9000,
    "url": "https://www.sevy.co.kr/goods/goods_view.php?goodsNo=1000001687"
  },
  {
    "yarn_sale_id": 7,
    "company": "필립섬유",
    "gram": "1볼 ±250g",
    "img": "https://sevytr8081.cdn-nhncommerce.com/data/goods/19/04/15/1000001170/1000001170_magnify_026.jpg",
    "ingredient": "면 80%, 폴리에스터 20%",
    "len": "250m",
    "needle": "대바늘 5.0~7.0mm, 코바늘 5/0~7/0호",
    "origin": "터키",
    "price": 13000,
    "url": "https://www.sevy.co.kr/goods/goods_view.php?goodsNo=1000001170"
  },
  {
    "yarn_sale_id": 8,
    "company": "필립섬유",
    "gram": "1볼 ±200g",
    "img": "https://sevytr8081.cdn-nhncommerce.com/data/goods/21/04/16/1000002023/1000002023_magnify_05.jpg",
    "ingredient": "지정외섬유(종이) 100%",
    "len": "500m",
    "needle": "코바늘 6/0~7/0호, 대바늘 4.5~4.8mm",
    "origin": "대만",
    "price": 36000,
    "url": "https://www.sevy.co.kr/goods/goods_view.php?goodsNo=1000002023"
  },
  {
    "yarn_sale_id": 9,
    "company": "필립섬유",
    "gram": "1볼 ±40g",
    "img": "https://sevytr8081.cdn-nhncommerce.com/data/goods/19/04/17/1000001189/1000001189_magnify_025.jpg",
    "ingredient": "Polynosic Rayon 100%",
    "len": "80m",
    "needle": "모사용 코바늘 5/0~7/0호",
    "origin": "중국",
    "price": 8000,
    "url": "https://www.sevy.co.kr/goods/goods_view.php?goodsNo=1000001189"
  },
  {
    "yarn_sale_id": 10,
    "company": "필립섬유",
    "gram": "1볼 ±500g",
    "img": "https://sevytr8081.cdn-nhncommerce.com/data/goods//15/09/02/1000000040/1000000040_magnify_052.jpg",
    "ingredient": "폴리 65%, 레이욘 35%",
    "len": "95m",
    "needle": "코바늘 6.0~12.0mm, 대바늘(점보) 12mm이상",
    "origin": "한국",
    "price": 17000,
    "url": "https://www.sevy.co.kr/goods/goods_view.php?goodsNo=1000000040"
  },
  {
    "yarn_sale_id": 11,
    "company": "필립섬유",
    "gram": "1볼 ±50g",
    "img": "https://sevytr8081.cdn-nhncommerce.com/data/goods/20/10/43/1000001707/1000001707_magnify_097.jpg",
    "ingredient": "메리노울 50%, 아크릴 50%",
    "len": "90m",
    "needle": "대바늘 4.5~5.5mm, 코바늘 7/0호",
    "origin": "이태리",
    "price": 11900,
    "url": "https://www.sevy.co.kr/goods/goods_view.php?goodsNo=1000001707"
  },
  {
    "yarn_sale_id": 12,
    "company": "필립섬유",
    "gram": "1볼 ±250g",
    "img": "https://sevytr8081.cdn-nhncommerce.com/data/goods/19/04/15/1000001169/1000001169_magnify_020.jpg",
    "ingredient": "면 80%, 폴리에스터 20%",
    "len": "250m",
    "needle": "대바늘 5.0~7.0mm, 코바늘 5/0~7/0호",
    "origin": "터키",
    "price": 10000,
    "url": "https://www.sevy.co.kr/goods/goods_view.php?goodsNo=1000001169"
  },
  {
    "yarn_sale_id": 13,
    "company": "필립섬유",
    "gram": "1볼 ±300g",
    "img": "https://sevytr8081.cdn-nhncommerce.com/data/goods/21/04/15/1000002017/1000002017_magnify_090.jpg",
    "ingredient": "폴리 65%, 레이욘 35%",
    "len": "100m",
    "needle": "코바늘 10/0호(6mm) ~12mm",
    "origin": "한국",
    "price": 9000,
    "url": "https://www.sevy.co.kr/goods/goods_view.php?goodsNo=1000002017"
  },
  {
    "yarn_sale_id": 14,
    "company": "필립섬유",
    "gram": "1볼 ±100g",
    "img": "https://sevytr8081.cdn-nhncommerce.com/data/goods/19/10/43/1000001328/1000001328_magnify_090.gif",
    "ingredient": "아크릴 100%",
    "len": "245m",
    "needle": "대바늘 4.5~5.0mm, 코바늘 5/0~6/0호",
    "origin": "터키",
    "price": 5000,
    "url": "https://www.sevy.co.kr/goods/goods_view.php?goodsNo=1000001328"
  },
  {
    "yarn_sale_id": 15,
    "company": "필립섬유",
    "gram": "1볼 ±80g",
    "img": "https://sevytr8081.cdn-nhncommerce.com/data/goods/18/04/14/1000000836/1000000836_magnify_033.jpg",
    "ingredient": "초극세사 100%",
    "len": "92m",
    "needle": "코바늘 6/0호",
    "origin": "한국",
    "price": 2000,
    "url": "https://www.sevy.co.kr/goods/goods_view.php?goodsNo=1000000836"
  },
  {
    "yarn_sale_id": 16,
    "company": "필립섬유",
    "gram": "1볼 ±250g",
    "img": "https://sevytr8081.cdn-nhncommerce.com/data/goods/21/11/45/1000002264/1000002264_magnify_019.jpg",
    "ingredient": "면 70%, 폴리에스터 30%",
    "len": "65m",
    "needle": "점보 코바늘 10mm, 대바늘 8.0~15mm",
    "origin": "터키",
    "price": 10000,
    "url": "https://www.sevy.co.kr/goods/goods_view.php?goodsNo=1000002264"
  },
  {
    "yarn_sale_id": 17,
    "company": "필립섬유",
    "gram": "1볼 100g",
    "img": "https://sevytr8081.cdn-nhncommerce.com/data/goods/18/09/37/1000000976/1000000976_magnify_044.jpg",
    "ingredient": "폴리에스테르 100%",
    "len": "60m",
    "needle": "대바늘 7.0~8.0mm",
    "origin": "중국",
    "price": 4000,
    "url": "https://www.sevy.co.kr/goods/goods_view.php?goodsNo=1000000976"
  },
  {
    "yarn_sale_id": 18,
    "company": "필립섬유",
    "gram": "1볼 ±50g",
    "img": "https://sevytr8081.cdn-nhncommerce.com/data/goods/17/04/14/1000000583/1000000583_magnify_040.jpg",
    "ingredient": "코마 면 100%",
    "len": "190m",
    "needle": "대바늘 2.5~3.0mm, 코바늘 3/0~4/0호",
    "origin": "한국",
    "price": 5000,
    "url": "https://www.sevy.co.kr/goods/goods_view.php?goodsNo=1000000583"
  },
  {
    "yarn_sale_id": 19,
    "company": "필립섬유",
    "gram": "1볼 ±100g",
    "img": "https://sevytr8081.cdn-nhncommerce.com/data/goods/16/11/45/1000000414/1000000414_magnify_050.jpg",
    "ingredient": "프리미엄 안티필링 아크릴 100%",
    "len": "235m",
    "needle": "대바늘 4mm, 코바늘6/0~7/0호",
    "origin": "터키",
    "price": 5000,
    "url": "https://www.sevy.co.kr/goods/goods_view.php?goodsNo=1000000414"
  },
  {
    "yarn_sale_id": 20,
    "company": "필립섬유",
    "gram": "1볼 ±40g",
    "img": "https://sevytr8081.cdn-nhncommerce.com/data/goods/17/06/23/1000000633/1000000633_magnify_030.jpg",
    "ingredient": "지정외섬유(종이) 100%",
    "len": "100m",
    "needle": "코바늘 6/0~7/0호, 대바늘 4.5~4.8mm",
    "origin": "대만",
    "price": 8500,
    "url": "https://www.sevy.co.kr/goods/goods_view.php?goodsNo=1000000633"
  },
  {
    "yarn_sale_id": 21,
    "company": "몬디알",
    "gram": "1볼 ±40g",
    "img": "https://sevytr8081.cdn-nhncommerce.com/data/goods/21/05/19/1000002041/1000002041_magnify_092.jpg",
    "ingredient": "이집트면 100%",
    "len": "240m",
    "needle": "코바늘 2/0호",
    "origin": "이태리",
    "price": 9900,
    "url": "https://www.sevy.co.kr/goods/goods_view.php?goodsNo=1000002041"
  },
  {
    "yarn_sale_id": 22,
    "company": "몬디알",
    "gram": "1볼 ±20g",
    "img": "https://sevytr8081.cdn-nhncommerce.com/data/goods/18/11/44/1000001029/1000001029_magnify_041.jpg",
    "ingredient": "슈퍼키드모헤어 80%, 나일론 20%",
    "len": "196m",
    "needle": "대바늘 3.0mm~4.0mm, 코바늘 2/0~4/0호",
    "origin": "이태리",
    "price": 9000,
    "url": "https://www.sevy.co.kr/goods/goods_view.php?goodsNo=1000001029"
  },
  {
    "yarn_sale_id": 23,
    "company": null,
    "gram": "1볼 ±80g",
    "img": "https://sevytr8081.cdn-nhncommerce.com/data/goods/21/11/44/1000002252/1000002252_magnify_029.jpg",
    "ingredient": "아크릴 80%, 울 20%",
    "len": "60m",
    "needle": "대바늘 7.5mm~8.0mm, 코바늘 10.0mm",
    "origin": "터키",
    "price": 990,
    "url": "https://www.sevy.co.kr/goods/goods_view.php?goodsNo=1000002252"
  },
  {
    "yarn_sale_id": 24,
    "company": "필립섬유",
    "gram": "1볼 ±50g",
    "img": "https://sevytr8081.cdn-nhncommerce.com/data/goods/20/11/48/1000001738/1000001738_magnify_050.jpg",
    "ingredient": "엑스트라 파인 메리노울 100%",
    "len": "90m",
    "needle": "대바늘 4.5~5.5mm, 코바늘 7/0호",
    "origin": "이태리",
    "price": 6000,
    "url": "https://www.sevy.co.kr/goods/goods_view.php?goodsNo=1000001738"
  },
  {
    "yarn_sale_id": 25,
    "company": "필립섬유",
    "gram": "1볼 ±200g",
    "img": "https://sevytr8081.cdn-nhncommerce.com/data/goods/20/05/19/1000001599/1000001599_magnify_076.jpg",
    "ingredient": "Polynosic Rayon 100%",
    "len": "400m",
    "needle": "모사용 코바늘 5/0~7/0호",
    "origin": "중국",
    "price": 36000,
    "url": "https://www.sevy.co.kr/goods/goods_view.php?goodsNo=1000001599"
  },
  {
    "yarn_sale_id": 26,
    "company": "필립섬유",
    "gram": "1볼 ±250g",
    "img": "https://sevytr8081.cdn-nhncommerce.com/data/goods/19/04/15/1000001169/1000001169_magnify_020.jpg",
    "ingredient": "면 80%, 폴리에스터 20%",
    "len": "250m",
    "needle": "대바늘 5.0~7.0mm, 코바늘 5/0~7/0호",
    "origin": "터키",
    "price": 10000,
    "url": "https://www.sevy.co.kr/goods/goods_view.php?goodsNo=1000001169"
  },
  {
    "yarn_sale_id": 27,
    "company": "필립섬유",
    "gram": "1볼 ±40g",
    "img": "https://sevytr8081.cdn-nhncommerce.com/data/goods/20/03/12/1000001543/1000001543_magnify_018.jpg",
    "ingredient": "지정외섬유(종이) 100%",
    "len": "85m",
    "needle": "코바늘 5/0~7/0호, 대바늘 4.5~4.8mm",
    "origin": "대만",
    "price": 9000,
    "url": "https://www.sevy.co.kr/goods/goods_view.php?goodsNo=1000001543"
  },
  {
    "yarn_sale_id": 28,
    "company": "필립섬유",
    "gram": "1볼 ±40g",
    "img": "https://sevytr8081.cdn-nhncommerce.com/data/goods/18/09/38/1000000987/1000000987_magnify_034.jpg",
    "ingredient": "퓨어 울 100%",
    "len": "60m",
    "needle": "대바늘 6.5~8.0mm, 코바늘 8/0~9/0호",
    "origin": "뉴질랜드",
    "price": 14900,
    "url": "https://www.sevy.co.kr/goods/goods_view.php?goodsNo=1000000987"
  },
  {
    "yarn_sale_id": 29,
    "company": "필립섬유",
    "gram": "1볼 ±40g",
    "img": "https://sevytr8081.cdn-nhncommerce.com/data/goods/18/09/39/1000000988/1000000988_magnify_036.jpg",
    "ingredient": "울 58%, 알파카 23%, 아크릴 13%, 비스코스 6%",
    "len": "76m",
    "needle": "대바늘 3.5~4.0mm, 코바늘 7/0호",
    "origin": "이태리",
    "price": 14900,
    "url": "https://www.sevy.co.kr/goods/goods_view.php?goodsNo=1000000988"
  },
  {
    "yarn_sale_id": 30,
    "company": "필립섬유",
    "gram": "1볼 ±320g",
    "img": "https://sevytr8081.cdn-nhncommerce.com/data/goods/21/02/05/1000001955/1000001955_magnify_038.gif",
    "ingredient": "Cotton 100%",
    "len": "100m",
    "needle": "모사용 코바늘 8/0~9/0호",
    "origin": "중국",
    "price": 15000,
    "url": "https://www.sevy.co.kr/goods/goods_view.php?goodsNo=1000001955"
  },
  {
    "yarn_sale_id": 31,
    "company": "필립섬유",
    "gram": "1볼 ±50g",
    "img": "https://sevytr8081.cdn-nhncommerce.com/data/goods/21/08/35/1000002185/1000002185_magnify_01.gif",
    "ingredient": "베이비알파카11%, 울 17%, 코튼72%",
    "len": "215m",
    "needle": "대바늘 3.0~4.0mm, 코바늘 3/0~4/0호",
    "origin": "이탈리아",
    "price": 12000,
    "url": "https://www.sevy.co.kr/goods/goods_view.php?goodsNo=1000002185"
  },
  {
    "yarn_sale_id": 32,
    "company": "올림푸스",
    "gram": "1볼 ±40g",
    "img": "https://sevytr8081.cdn-nhncommerce.com/data/goods//15/09/14/1000000047/1000000047_magnify_021.jpg",
    "ingredient": "울 70%, 아크릴 13% ,키드모헤어 10%, 실크 7%",
    "len": "140m",
    "needle": "대바늘 6.0~8.0mm, 코바늘 6/0~7/0호",
    "origin": "일본",
    "price": 990,
    "url": "https://www.sevy.co.kr/goods/goods_view.php?goodsNo=1000000047"
  },
  {
    "yarn_sale_id": 33,
    "company": "필립섬유",
    "gram": "1볼 ±150g",
    "img": "https://sevytr8081.cdn-nhncommerce.com/data/goods/21/04/15/1000002016/1000002016_magnify_030.jpg",
    "ingredient": "폴리 65%, 레이욘 35%",
    "len": "50m",
    "needle": "코바늘 10/0호(6mm) ~12mm",
    "origin": "한국",
    "price": 4500,
    "url": "https://www.sevy.co.kr/goods/goods_view.php?goodsNo=1000002016"
  },
  {
    "yarn_sale_id": 34,
    "company": "몬디알",
    "gram": "1볼 ±100g",
    "img": "https://sevytr8081.cdn-nhncommerce.com/data/goods//15/09/16/1000000055/1000000055_magnify_069.jpg",
    "ingredient": "메리노 울 100%",
    "len": "80m",
    "needle": "대바늘 8.0mm~9.0mm",
    "origin": "이태리",
    "price": 5000,
    "url": "https://www.sevy.co.kr/goods/goods_view.php?goodsNo=1000000055"
  },
  {
    "yarn_sale_id": 35,
    "company": "필립섬유",
    "gram": "1볼 ±50g",
    "img": "https://sevytr8081.cdn-nhncommerce.com/data/goods/17/03/12/1000000575/1000000575_magnify_031.jpg",
    "ingredient": "아크릴 60%, 나일론 25%, 폴리아미드 15%",
    "len": "90m",
    "needle": "대바늘 4.0~4.5mm, 코바늘 7/0~8/0호",
    "origin": "한국",
    "price": 3500,
    "url": "https://www.sevy.co.kr/goods/goods_view.php?goodsNo=1000000575"
  },
  {
    "yarn_sale_id": 36,
    "company": "필립섬유",
    "gram": "1볼 ±50g",
    "img": "https://sevytr8081.cdn-nhncommerce.com/data/goods/20/10/44/1000001718/1000001718_magnify_041.jpg",
    "ingredient": "프리미엄 메리노울 100%",
    "len": "125m",
    "needle": "대바늘 3.0~4.0mm, 코바늘 3/0-4/0호",
    "origin": "이태리",
    "price": 6000,
    "url": "https://www.sevy.co.kr/goods/goods_view.php?goodsNo=1000001718"
  },
  {
    "yarn_sale_id": 37,
    "company": "필립섬유",
    "gram": "1볼 ±50g",
    "img": "https://sevytr8081.cdn-nhncommerce.com/data/goods/17/04/17/1000000598/1000000598_magnify_028.jpg",
    "ingredient": "코마 면 100%",
    "len": "230m",
    "needle": "대바늘 2.0mm, 코바늘 2/0호",
    "origin": "한국",
    "price": 5000,
    "url": "https://www.sevy.co.kr/goods/goods_view.php?goodsNo=1000000598"
  },
  {
    "yarn_sale_id": 38,
    "company": "필립섬유",
    "gram": "1볼 ±80g",
    "img": "https://sevytr8081.cdn-nhncommerce.com/data/goods/16/11/47/1000000428/1000000428_magnify_084.jpg",
    "ingredient": "폴리극세사100%",
    "len": "80m",
    "needle": "대바늘 4.5mm, 코바늘 6/0호~7/0호",
    "origin": "한국",
    "price": 990,
    "url": "https://www.sevy.co.kr/goods/goods_view.php?goodsNo=1000000428"
  },
  {
    "yarn_sale_id": 39,
    "company": "몬디알",
    "gram": "1볼 ±40g",
    "img": "https://sevytr8081.cdn-nhncommerce.com/data/goods/19/09/38/1000001314/1000001314_magnify_095.gif",
    "ingredient": "Extra fine merino wool 70%, Premium Acrylic 30%",
    "len": "112m",
    "needle": "대바늘 3.5~4.0mm, 코바늘 5/0호",
    "origin": "이태리",
    "price": 7000,
    "url": "https://www.sevy.co.kr/goods/goods_view.php?goodsNo=1000001314"
  },
  {
    "yarn_sale_id": 40,
    "company": "필립섬유",
    "gram": "1볼 ±250g",
    "img": "https://sevytr8081.cdn-nhncommerce.com/data/goods/19/04/15/1000001169/1000001169_magnify_020.jpg",
    "ingredient": "면 80%, 폴리에스터 20%",
    "len": "250m",
    "needle": "대바늘 5.0~7.0mm, 코바늘 5/0~7/0호",
    "origin": "터키",
    "price": 10000,
    "url": "https://www.sevy.co.kr/goods/goods_view.php?goodsNo=1000001169"
  },
  {
    "yarn_sale_id": 41,
    "company": "필립섬유",
    "gram": "1볼 ±40g",
    "img": "https://sevytr8081.cdn-nhncommerce.com/data/goods//15/09/14/1000000051/1000000051_magnify_02.jpg",
    "ingredient": "울 60%, 면 40%",
    "len": "180m",
    "needle": "대바늘 4.5mm",
    "origin": "이태리",
    "price": 5000,
    "url": "https://www.sevy.co.kr/goods/goods_view.php?goodsNo=1000000051"
  },
  {
    "yarn_sale_id": 42,
    "company": "필립섬유",
    "gram": "1볼 ±40g",
    "img": "https://sevytr8081.cdn-nhncommerce.com/data/goods/19/09/37/1000001312/1000001312_magnify_024.gif",
    "ingredient": "Extra fine Wool 80%, Poly 20%",
    "len": "90m",
    "needle": "코바늘 6/0~7/0호, 대바늘 4.0~4.5mm",
    "origin": "이태리",
    "price": 9000,
    "url": "https://www.sevy.co.kr/goods/goods_view.php?goodsNo=1000001312"
  },
  {
    "yarn_sale_id": 43,
    "company": "올림푸스",
    "gram": "1볼 ±25",
    "img": "https://sevytr8081.cdn-nhncommerce.com/data/goods//15/10/15/1000000174/1000000174_magnify_01.jpg",
    "ingredient": "울 100%",
    "len": "65m",
    "needle": "대바늘 3.5~4.5mm, 코바늘 6/0~7/0호",
    "origin": "일본",
    "price": 5000,
    "url": "https://www.sevy.co.kr/goods/goods_view.php?goodsNo=1000000174"
  },
  {
    "yarn_sale_id": 44,
    "company": "필립섬유",
    "gram": "1볼 ±40g",
    "img": "https://sevytr8081.cdn-nhncommerce.com/data/goods/20/05/20/1000001602/1000001602_magnify_064.jpg",
    "ingredient": "Polyethylene 100%",
    "len": "135m",
    "needle": "코바늘 4/0~5/0호",
    "origin": "중국",
    "price": 990,
    "url": "https://www.sevy.co.kr/goods/goods_view.php?goodsNo=1000001602"
  },
  {
    "yarn_sale_id": 45,
    "company": "필립섬유",
    "gram": "1볼 ±50g",
    "img": "https://sevytr8081.cdn-nhncommerce.com/data/goods/17/03/12/1000000564/1000000564_magnify_023.jpg",
    "ingredient": "코마 면 100%",
    "len": "160m",
    "needle": "대바늘 3.0mm, 코바늘 5/0호",
    "origin": "한국",
    "price": 4000,
    "url": "https://www.sevy.co.kr/goods/goods_view.php?goodsNo=1000000564"
  },
  {
    "yarn_sale_id": 46,
    "company": "올림푸스",
    "gram": "±25g",
    "img": "https://sevytr8081.cdn-nhncommerce.com/data/goods//15/10/14/1000000172/1000000172_magnify_020.jpg",
    "ingredient": "울 70%, 나일론 30%",
    "len": "98m",
    "needle": "대바늘 3.6~3.9mm, 코바늘 5/0~6/0호",
    "origin": "일본",
    "price": 5000,
    "url": "https://www.sevy.co.kr/goods/goods_view.php?goodsNo=1000000172"
  },
  {
    "yarn_sale_id": 47,
    "company": "필립섬유",
    "gram": "1볼 ±50g",
    "img": "https://sevytr8081.cdn-nhncommerce.com/data/goods/21/04/15/1000002015/1000002015_magnify_051.jpg",
    "ingredient": "폴리 65%, 레이욘 35%",
    "len": "16m",
    "needle": "코바늘 10/0호(6mm) ~12mm",
    "origin": "한국",
    "price": 2000,
    "url": "https://www.sevy.co.kr/goods/goods_view.php?goodsNo=1000002015"
  },
  {
    "yarn_sale_id": 48,
    "company": "올림푸스",
    "gram": "1볼 ±25g",
    "img": "https://sevytr8081.cdn-nhncommerce.com/data/goods//15/09/16/1000000060/1000000060_magnify_060.jpg",
    "ingredient": "울 62%, 아크릴 38%",
    "len": "46m",
    "needle": "대바늘 8.0~1000mm, 코바늘 7/0~8/0호",
    "origin": "일본",
    "price": 3990,
    "url": "https://www.sevy.co.kr/goods/goods_view.php?goodsNo=1000000060"
  },
  {
    "yarn_sale_id": 49,
    "company": "쎄비",
    "gram": "1볼 ±9g",
    "img": "https://sevytr8081.cdn-nhncommerce.com/data/goods/21/05/19/1000002042/1000002042_magnify_020.gif",
    "ingredient": "폴리 100%",
    "len": "22m",
    "needle": null,
    "origin": "중국",
    "price": 2900,
    "url": "https://www.sevy.co.kr/goods/goods_view.php?goodsNo=1000002042"
  },
  {
    "yarn_sale_id": 50,
    "company": "필립섬유",
    "gram": "1볼 ±25g",
    "img": "https://sevytr8081.cdn-nhncommerce.com/data/goods/22/09/38/1000002754/1000002754_magnify_090.gif",
    "ingredient": "베이비알파카 75%, 실크 25%",
    "len": "207m",
    "needle": "대바늘 3.0~5.0mm",
    "origin": "이탈리아",
    "price": 11000,
    "url": "https://www.sevy.co.kr/goods/goods_view.php?goodsNo=1000002754"
  },
  {
    "yarn_sale_id": 51,
    "company": "올림푸스",
    "gram": "1볼 ±40g",
    "img": "https://sevytr8081.cdn-nhncommerce.com/data/goods//15/09/14/1000000048/1000000048_magnify_098.jpg",
    "ingredient": "울 60%, 아크릴 40%",
    "len": "112m",
    "needle": "대바늘 5.0~7.0mm, 코바늘 5/0~6/0호",
    "origin": "일본",
    "price": 5000,
    "url": "https://www.sevy.co.kr/goods/goods_view.php?goodsNo=1000000048"
  },
  {
    "yarn_sale_id": 52,
    "company": "올림푸스",
    "gram": "1볼 ±35g",
    "img": "https://sevytr8081.cdn-nhncommerce.com/data/goods//16/03/07/1000000277/1000000277_magnify_077.jpg",
    "ingredient": "면 100% (의마가공)",
    "len": "77m",
    "needle": "대바늘 4.0~5.0mm, 코바늘 모사용 6/0~7/0호",
    "origin": "일본",
    "price": 10000,
    "url": "https://www.sevy.co.kr/goods/goods_view.php?goodsNo=1000000277"
  },
  {
    "yarn_sale_id": 53,
    "company": "필립섬유",
    "gram": "1볼 ±100g",
    "img": "https://sevytr8081.cdn-nhncommerce.com/data/goods/16/11/48/1000000431/1000000431_magnify_041.jpg",
    "ingredient": "알파카 10%, 아크릴 90%",
    "len": "100m",
    "needle": "대바늘 6.5~9.0mm, 코바늘(점보) 7~8mm",
    "origin": "터키",
    "price": 4000,
    "url": "https://www.sevy.co.kr/goods/goods_view.php?goodsNo=1000000431"
  },
  {
    "yarn_sale_id": 54,
    "company": "필립섬유",
    "gram": "1볼 ±40g",
    "img": "https://sevytr8081.cdn-nhncommerce.com/data/goods/18/10/42/1000001007/1000001007_magnify_01.jpg",
    "ingredient": "퓨어 라나메리노울 100%",
    "len": "100m",
    "needle": "대바늘 3.5~4.5mm, 코바늘 5/0~6/0호",
    "origin": "이태리",
    "price": 8000,
    "url": "https://www.sevy.co.kr/goods/goods_view.php?goodsNo=1000001007"
  },
  {
    "yarn_sale_id": 55,
    "company": "필립섬유",
    "gram": "1볼 ±100g",
    "img": "https://sevytr8081.cdn-nhncommerce.com/data/goods/18/04/15/1000000837/1000000837_magnify_059.jpg",
    "ingredient": "면 100%",
    "len": "230m",
    "needle": "대바늘 5.0~5.5mm, 코바늘 7/0~8/0호",
    "origin": "이태리",
    "price": 12000,
    "url": "https://www.sevy.co.kr/goods/goods_view.php?goodsNo=1000000837"
  },
  {
    "yarn_sale_id": 56,
    "company": "올림푸스",
    "gram": "1볼 ±30g",
    "img": "https://sevytr8081.cdn-nhncommerce.com/data/goods//15/09/16/1000000059/1000000059_magnify_050.jpg",
    "ingredient": "폴리에스테르 62%, 메리노울 34%, 키드모헤어 4%",
    "len": "110m",
    "needle": "대바늘 4.8~5.4mm, 코바늘 7/0~8/0호",
    "origin": "일본",
    "price": 5000,
    "url": "https://www.sevy.co.kr/goods/goods_view.php?goodsNo=1000000059"
  },
  {
    "yarn_sale_id": 57,
    "company": "필립섬유",
    "gram": "1볼 ±250g",
    "img": "https://sevytr8081.cdn-nhncommerce.com/data/goods/19/04/15/1000001169/1000001169_magnify_020.jpg",
    "ingredient": "면 80%, 폴리에스터 20%",
    "len": "250m",
    "needle": "대바늘 5.0~7.0mm, 코바늘 5/0~7/0호",
    "origin": "터키",
    "price": 10000,
    "url": "https://www.sevy.co.kr/goods/goods_view.php?goodsNo=1000001169"
  },
  {
    "yarn_sale_id": 58,
    "company": "필립섬유",
    "gram": "1볼 ±50g",
    "img": "https://sevytr8081.cdn-nhncommerce.com/data/goods/19/10/43/1000001329/1000001329_magnify_053.jpg",
    "ingredient": null,
    "len": "330m",
    "needle": "대바늘 (1겹) 2.5~3.0mm / (2겹)4.0~4.5mm",
    "origin": null,
    "price": 16000,
    "url": "https://www.sevy.co.kr/goods/goods_view.php?goodsNo=1000001329"
  },
  {
    "yarn_sale_id": 59,
    "company": "필립섬유",
    "gram": "1볼 ±65g",
    "img": "https://sevytr8081.cdn-nhncommerce.com/data/goods/19/04/14/1000001160/1000001160_magnify_078.jpg",
    "ingredient": "아크릴 65%, 폴리 35%",
    "len": "380m",
    "needle": "코바늘 2/0호",
    "origin": "한국",
    "price": 4000,
    "url": "https://www.sevy.co.kr/goods/goods_view.php?goodsNo=1000001160"
  },
  {
    "yarn_sale_id": 60,
    "company": "몬디알",
    "gram": "1볼 ±150g",
    "img": "https://sevytr8081.cdn-nhncommerce.com/data/goods/18/11/45/1000001033/1000001033_magnify_053.jpg",
    "ingredient": "메리노울 100%",
    "len": "540m",
    "needle": "대바늘 3.0mm~4.0mm",
    "origin": "이태리",
    "price": 28000,
    "url": "https://www.sevy.co.kr/goods/goods_view.php?goodsNo=1000001033"
  },
  {
    "yarn_sale_id": 61,
    "company": "쎄비",
    "gram": "1볼 ±18g",
    "img": "https://sevytr8081.cdn-nhncommerce.com/data/goods/21/05/18/1000002037/1000002037_magnify_054.gif",
    "ingredient": "대마 100%",
    "len": "50m",
    "needle": "코바늘 0호~2/0호",
    "origin": "한국",
    "price": 3900,
    "url": "https://www.sevy.co.kr/goods/goods_view.php?goodsNo=1000002037"
  },
  {
    "yarn_sale_id": 62,
    "company": "올림푸스",
    "gram": "1볼 ±30g",
    "img": "https://sevytr8081.cdn-nhncommerce.com/data/goods//15/09/17/1000000068/1000000068_magnify_026.jpg",
    "ingredient": "실크 23%, 면 37%, 레이온 40%",
    "len": "103m",
    "needle": "코바늘 3/0~4/0호, 대바늘 3.0~4.0mm",
    "origin": "일본",
    "price": 5000,
    "url": "https://www.sevy.co.kr/goods/goods_view.php?goodsNo=1000000068"
  },
  {
    "yarn_sale_id": 63,
    "company": "필립섬유",
    "gram": "1볼 ±50g",
    "img": "https://sevytr8081.cdn-nhncommerce.com/data/goods/20/05/21/1000001611/1000001611_magnify_046.jpg",
    "ingredient": "유기농면 100%",
    "len": "320m",
    "needle": "대바늘 2~3mm, 코바늘 2/0~4/0호",
    "origin": "이탈리아",
    "price": 8000,
    "url": "https://www.sevy.co.kr/goods/goods_view.php?goodsNo=1000001611"
  },
  {
    "yarn_sale_id": 64,
    "company": "올림푸스",
    "gram": "1볼 ±10g",
    "img": "https://sevytr8081.cdn-nhncommerce.com/data/goods//16/06/27/1000000339/1000000339_magnify_090.jpg",
    "ingredient": "이집트 면 100%",
    "len": "89m",
    "needle": "레이스용 코바늘 No.6~8호",
    "origin": "일본",
    "price": 4000,
    "url": "https://www.sevy.co.kr/goods/goods_view.php?goodsNo=1000000339"
  },
  {
    "yarn_sale_id": 65,
    "company": "올림푸스",
    "gram": "1볼 ±10g",
    "img": "https://sevytr8081.cdn-nhncommerce.com/data/goods//16/06/17/1000000330/1000000330_magnify_037.jpg",
    "ingredient": "이집트 면 100%",
    "len": "89m",
    "needle": "레이스용 코바늘 No.6~8호",
    "origin": "일본",
    "price": 4500,
    "url": "https://www.sevy.co.kr/goods/goods_view.php?goodsNo=1000000330"
  },
  {
    "yarn_sale_id": 66,
    "company": "필립섬유",
    "gram": "1볼 ±70g",
    "img": "https://sevytr8081.cdn-nhncommerce.com/data/goods/19/11/45/1000001334/1000001334_magnify_060.jpg",
    "ingredient": "나일론 100%",
    "len": "160m",
    "needle": "대바늘 4.0mm",
    "origin": "터키",
    "price": 8000,
    "url": "https://www.sevy.co.kr/goods/goods_view.php?goodsNo=1000001334"
  },
  {
    "yarn_sale_id": 67,
    "company": "올림푸스",
    "gram": "1볼 ±40g",
    "img": "https://sevytr8081.cdn-nhncommerce.com/data/goods/18/10/43/1000001019/1000001019_magnify_073.jpg",
    "ingredient": "메리노울 90%, 알파카 10%",
    "len": "71m",
    "needle": "대바늘 4.5mm~5.0mm, 코바늘 7/0~8/0호",
    "origin": "일본",
    "price": 8000,
    "url": "https://www.sevy.co.kr/goods/goods_view.php?goodsNo=1000001019"
  },
  {
    "yarn_sale_id": 68,
    "company": "올림푸스",
    "gram": "1볼 ±40g",
    "img": "https://sevytr8081.cdn-nhncommerce.com/data/goods/18/10/42/1000001013/1000001013_magnify_064.jpg",
    "ingredient": "메리노울 100%",
    "len": "104m",
    "needle": "대바늘 4~4.5mm, 코바늘 6/0~7.0호",
    "origin": "일본",
    "price": 8000,
    "url": "https://www.sevy.co.kr/goods/goods_view.php?goodsNo=1000001013"
  },
  {
    "yarn_sale_id": 69,
    "company": "몬디알",
    "gram": "1볼 ±50g",
    "img": "https://sevytr8081.cdn-nhncommerce.com/data/goods//15/09/14/1000000049/1000000049_magnify_038.jpg",
    "ingredient": "메리노울 18%, 아크릴 46%, 폴리아미드 34% , 폴리에스테르 2%",
    "len": "55m",
    "needle": "대바늘 5.0~6.0mm",
    "origin": "이태리",
    "price": 7000,
    "url": "https://www.sevy.co.kr/goods/goods_view.php?goodsNo=1000000049"
  },
  {
    "yarn_sale_id": 70,
    "company": "필립섬유",
    "gram": "1볼 ±50g",
    "img": "https://sevytr8081.cdn-nhncommerce.com/data/goods/17/09/39/1000000717/1000000717_magnify_048.jpg",
    "ingredient": "실크 25%, 메리노울 75%",
    "len": "300m",
    "needle": "대바늘 4.0mm",
    "origin": "터키",
    "price": 4000,
    "url": "https://www.sevy.co.kr/goods/goods_view.php?goodsNo=1000000717"
  },
  {
    "yarn_sale_id": 71,
    "company": "올림푸스",
    "gram": "1볼 ±30g",
    "img": "https://sevytr8081.cdn-nhncommerce.com/data/goods/18/10/42/1000001010/1000001010_magnify_064.jpg",
    "ingredient": "메리노울 50%, 나일론 47%, 아크릴 3%",
    "len": "57m",
    "needle": "대바늘 4.5~5.0mm, 코바늘 7/0~8/0호",
    "origin": "일본",
    "price": 8000,
    "url": "https://www.sevy.co.kr/goods/goods_view.php?goodsNo=1000001010"
  },
  {
    "yarn_sale_id": 72,
    "company": "필립섬유",
    "gram": "1볼 ±40g",
    "img": "https://sevytr8081.cdn-nhncommerce.com/data/goods/17/06/23/1000000631/1000000631_magnify_08.jpg",
    "ingredient": "지정외섬유(종이) 100%",
    "len": "100m",
    "needle": "대바늘 4.5~4.8mm, 코바늘 6/0~7/0호",
    "origin": "대만",
    "price": 7500,
    "url": "https://www.sevy.co.kr/goods/goods_view.php?goodsNo=1000000631"
  },
  {
    "yarn_sale_id": 73,
    "company": "필립섬유",
    "gram": "1볼 ±250g",
    "img": "https://sevytr8081.cdn-nhncommerce.com/data/goods/19/04/15/1000001169/1000001169_magnify_020.jpg",
    "ingredient": "면 80%, 폴리에스터 20%",
    "len": "250m",
    "needle": "대바늘 5.0~7.0mm, 코바늘 5/0~7/0호",
    "origin": "터키",
    "price": 10000,
    "url": "https://www.sevy.co.kr/goods/goods_view.php?goodsNo=1000001169"
  },
  {
    "yarn_sale_id": 74,
    "company": "필립섬유",
    "gram": "1볼 ±50g",
    "img": "https://sevytr8081.cdn-nhncommerce.com/data/goods/21/09/37/1000002193/1000002193_magnify_080.jpg",
    "ingredient": "메리노울 30%, 면 70%",
    "len": "110m",
    "needle": "대바늘 4.5~5.0mm, 코바늘 6/0-7/0호",
    "origin": "이태리",
    "price": 10000,
    "url": "https://www.sevy.co.kr/goods/goods_view.php?goodsNo=1000002193"
  },
  {
    "yarn_sale_id": 75,
    "company": "몬디알",
    "gram": "1볼 ±50g",
    "img": "https://sevytr8081.cdn-nhncommerce.com/data/goods/17/09/39/1000000718/1000000718_magnify_047.jpg",
    "ingredient": "베이비 알파카 25%, 메리노울 65%, P/A 10%",
    "len": "±240m",
    "needle": "대바늘 4.0~5.0mm",
    "origin": "이태리",
    "price": 8000,
    "url": "https://www.sevy.co.kr/goods/goods_view.php?goodsNo=1000000718"
  },
  {
    "yarn_sale_id": 76,
    "company": "올림푸스",
    "gram": "1볼 ±30g",
    "img": "https://sevytr8081.cdn-nhncommerce.com/data/goods//15/09/17/1000000073/1000000073_magnify_039.jpg",
    "ingredient": "이집트 면 100%",
    "len": "125m",
    "needle": "코바늘 3/0~4/0호",
    "origin": "일본",
    "price": 5000,
    "url": "https://www.sevy.co.kr/goods/goods_view.php?goodsNo=1000000073"
  },
  {
    "yarn_sale_id": 77,
    "company": "몬디알",
    "gram": "1볼 ±50g",
    "img": "https://sevytr8081.cdn-nhncommerce.com/data/goods/18/11/47/1000001044/1000001044_magnify_094.jpg",
    "ingredient": "메리노 울 80%, 캐시미어 20%",
    "len": "175m",
    "needle": "대바늘 3.0mm~3.5mm, 코바늘 5/0호",
    "origin": "이태리",
    "price": 17000,
    "url": "https://www.sevy.co.kr/goods/goods_view.php?goodsNo=1000001044"
  },
  {
    "yarn_sale_id": 78,
    "company": "올림푸스",
    "gram": "1볼 ±40g",
    "img": "https://sevytr8081.cdn-nhncommerce.com/data/goods/18/10/44/1000001023/1000001023_magnify_087.jpg",
    "ingredient": "메리노울 70%, 알파카 30%",
    "len": "90m",
    "needle": "대바늘 4.0mm~4.5mm, 코바늘 6/0~7/0호",
    "origin": "일본",
    "price": 8000,
    "url": "https://www.sevy.co.kr/goods/goods_view.php?goodsNo=1000001023"
  },
  {
    "yarn_sale_id": 79,
    "company": "필립섬유",
    "gram": "1볼 ±450g",
    "img": "https://sevytr8081.cdn-nhncommerce.com/data/goods/21/02/06/1000001959/1000001959_magnify_097.gif",
    "ingredient": "Cotton 100%",
    "len": "100m",
    "needle": "코바늘 8mm",
    "origin": "중국",
    "price": 16000,
    "url": "https://www.sevy.co.kr/goods/goods_view.php?goodsNo=1000001959"
  },
  {
    "yarn_sale_id": 80,
    "company": "올림푸스",
    "gram": "1볼 ±40g",
    "img": "https://sevytr8081.cdn-nhncommerce.com/data/goods//15/09/17/1000000072/1000000072_magnify_013.jpg",
    "ingredient": "이집트 면 100%",
    "len": "170m",
    "needle": "코바늘 3/0~4/0호",
    "origin": "일본",
    "price": 5500,
    "url": "https://www.sevy.co.kr/goods/goods_view.php?goodsNo=1000000072"
  },
  {
    "yarn_sale_id": 81,
    "company": "필립섬유",
    "gram": "1볼 ±100g",
    "img": "https://sevytr8081.cdn-nhncommerce.com/data/goods/18/10/44/1000001021/1000001021_magnify_059.jpg",
    "ingredient": "버진울 75%, 폴리아미드 25%",
    "len": "420m",
    "needle": "대바늘 3.0mm~4.0mm, 코바늘 5/0호",
    "origin": "터키",
    "price": 13000,
    "url": "https://www.sevy.co.kr/goods/goods_view.php?goodsNo=1000001021"
  },
  {
    "yarn_sale_id": 82,
    "company": "올림푸스",
    "gram": "1볼 ±40g",
    "img": "https://sevytr8081.cdn-nhncommerce.com/data/goods/18/10/42/1000001011/1000001011_magnify_035.jpg",
    "ingredient": "메리노울 100%",
    "len": "82m",
    "needle": "대바늘 4.5mm~5.5mm, 코바늘 7/0~8/0호",
    "origin": "일본",
    "price": 8500,
    "url": "https://www.sevy.co.kr/goods/goods_view.php?goodsNo=1000001011"
  },
  {
    "yarn_sale_id": 83,
    "company": "필립섬유",
    "gram": "1볼 ±40g",
    "img": "https://sevytr8081.cdn-nhncommerce.com/data/goods/20/06/25/1000001638/1000001638_magnify_071.jpg",
    "ingredient": "유기농면 100%",
    "len": "265m",
    "needle": "코바늘 2/0~4/0호",
    "origin": "이탈리아",
    "price": 8000,
    "url": "https://www.sevy.co.kr/goods/goods_view.php?goodsNo=1000001638"
  },
  {
    "yarn_sale_id": 84,
    "company": "필립섬유",
    "gram": "1볼 ±200g",
    "img": "https://sevytr8081.cdn-nhncommerce.com/data/goods/22/02/07/1000002432/1000002432_magnify_072.jpg",
    "ingredient": "지정외섬유(종이) 100%",
    "len": "약 500m",
    "needle": "코바늘 6/0~7/0호, 대바늘 4.5~4.8mm",
    "origin": "대만",
    "price": 36000,
    "url": "https://www.sevy.co.kr/goods/goods_view.php?goodsNo=1000002432"
  },
  {
    "yarn_sale_id": 85,
    "company": "올림푸스",
    "gram": "1볼 ±10g",
    "img": "https://sevytr8081.cdn-nhncommerce.com/data/goods//16/06/20/1000000331/1000000331_magnify_081.jpg",
    "ingredient": "이집트 면 100%",
    "len": "89m",
    "needle": "레이스용 코바늘 No.6~8호",
    "origin": "일본",
    "price": 4500,
    "url": "https://www.sevy.co.kr/goods/goods_view.php?goodsNo=1000000331"
  },
  {
    "yarn_sale_id": 86,
    "company": "필립섬유",
    "gram": "1볼 ±50g",
    "img": "https://sevytr8081.cdn-nhncommerce.com/data/goods//16/06/17/1000000328/1000000328_magnify_046.jpg",
    "ingredient": "C/A 100%",
    "len": "120m",
    "needle": "대바늘 4.0~5.5mm, 코바늘 5/0~7/0호",
    "origin": "한국",
    "price": 237000,
    "url": "https://www.sevy.co.kr/goods/goods_view.php?goodsNo=1000000328"
  },
  {
    "yarn_sale_id": 87,
    "company": "몬디알",
    "gram": "1볼 ±20g",
    "img": "https://sevytr8081.cdn-nhncommerce.com/data/goods/20/11/46/1000001730/1000001730_magnify_012.jpg",
    "ingredient": "슈퍼키드모헤어 80%, 나일론 20%",
    "len": "196m",
    "needle": "대바늘 3.0mm~4.0mm, 코바늘 2/0~4/0호",
    "origin": "이태리",
    "price": 6000,
    "url": "https://www.sevy.co.kr/goods/goods_view.php?goodsNo=1000001730"
  },
  {
    "yarn_sale_id": 88,
    "company": "올림푸스",
    "gram": "1볼 ±25g",
    "img": "https://sevytr8081.cdn-nhncommerce.com/data/goods//15/09/14/1000000046/1000000046_magnify_024.jpg",
    "ingredient": "아크릴 55%, 울 41%, 나이론 4%",
    "len": "60m",
    "needle": "대바늘 6.0~8.0mm, 코바늘 6/0~7/0호",
    "origin": "일본",
    "price": 5000,
    "url": "https://www.sevy.co.kr/goods/goods_view.php?goodsNo=1000000046"
  },
  {
    "yarn_sale_id": 89,
    "company": "필립섬유",
    "gram": "1볼 ±330g",
    "img": "https://sevytr8081.cdn-nhncommerce.com/data/goods/21/02/07/1000001961/1000001961_magnify_033.gif",
    "ingredient": "Cotton 100%",
    "len": "100m",
    "needle": "코바늘 8mm",
    "origin": "중국",
    "price": 15000,
    "url": "https://www.sevy.co.kr/goods/goods_view.php?goodsNo=1000001961"
  },
  {
    "yarn_sale_id": 90,
    "company": "필립섬유",
    "gram": "1볼 ±250g",
    "img": "https://sevytr8081.cdn-nhncommerce.com/data/goods/19/04/15/1000001169/1000001169_magnify_020.jpg",
    "ingredient": "면 80%, 폴리에스터 20%",
    "len": "250m",
    "needle": "대바늘 5.0~7.0mm, 코바늘 5/0~7/0호",
    "origin": "터키",
    "price": 10000,
    "url": "https://www.sevy.co.kr/goods/goods_view.php?goodsNo=1000001169"
  },
  {
    "yarn_sale_id": 91,
    "company": "필립섬유",
    "gram": "1볼 ±40g",
    "img": "https://sevytr8081.cdn-nhncommerce.com/data/goods/21/07/29/1000002136/1000002136_magnify_079.jpg",
    "ingredient": "피마코튼 100%",
    "len": "160m",
    "needle": "대바늘 3.0~4.0mm, 코바늘 2/0~4/0호",
    "origin": "프랑스",
    "price": 6000,
    "url": "https://www.sevy.co.kr/goods/goods_view.php?goodsNo=1000002136"
  },
  {
    "yarn_sale_id": 92,
    "company": "쎄비",
    "gram": "1볼 ±47g",
    "img": "https://sevytr8081.cdn-nhncommerce.com/data/goods/22/05/19/1000002560/1000002560_magnify_046.jpg",
    "ingredient": "면100%",
    "len": "602m",
    "needle": "레이스용 코바늘 No.2",
    "origin": "인도",
    "price": 4400,
    "url": "https://www.sevy.co.kr/goods/goods_view.php?goodsNo=1000002560"
  },
  {
    "yarn_sale_id": 93,
    "company": "필립섬유",
    "gram": "1볼 ±80g",
    "img": "https://sevytr8081.cdn-nhncommerce.com/data/goods/16/10/41/1000000410/1000000410_magnify_074.jpg",
    "ingredient": "울 22%, 프리미엄아크릴 78%",
    "len": "150m",
    "needle": "대바늘 5.0~6.0mm, 점보 코바늘 3mm",
    "origin": "터키",
    "price": 5000,
    "url": "https://www.sevy.co.kr/goods/goods_view.php?goodsNo=1000000410"
  },
  {
    "yarn_sale_id": 94,
    "company": "올림푸스",
    "gram": "1볼 ±25g",
    "img": "https://sevytr8081.cdn-nhncommerce.com/data/goods//15/09/11/1000000045/1000000045_magnify_05.jpg",
    "ingredient": "메리노울 72%, 폴리에스테르 16%, 나일론 8%, 모헤어 4%",
    "len": "75m",
    "needle": "대바늘4.5mm, 코바늘 7/0~8/0호",
    "origin": "일본",
    "price": 7000,
    "url": "https://www.sevy.co.kr/goods/goods_view.php?goodsNo=1000000045"
  },
  {
    "yarn_sale_id": 95,
    "company": "쎄비",
    "gram": "1볼 ±47g",
    "img": "https://sevytr8081.cdn-nhncommerce.com/data/goods/22/05/18/1000002545/1000002545_magnify_07.jpg",
    "ingredient": "면100%",
    "len": "440m",
    "needle": "레이스용 코바늘 No.0",
    "origin": "인도",
    "price": 4400,
    "url": "https://www.sevy.co.kr/goods/goods_view.php?goodsNo=1000002545"
  },
  {
    "yarn_sale_id": 96,
    "company": "올림푸스",
    "gram": "1볼 ±5g",
    "img": "https://sevytr8081.cdn-nhncommerce.com/data/goods/21/05/19/1000002050/1000002050_magnify_083.jpg",
    "ingredient": "이집트 면 100%",
    "len": "±83m",
    "needle": "레이스용 코바늘 No.6~8호",
    "origin": "일본",
    "price": 36000,
    "url": "https://www.sevy.co.kr/goods/goods_view.php?goodsNo=1000002050"
  },
  {
    "yarn_sale_id": 97,
    "company": "필립섬유",
    "gram": "1볼 ±30g",
    "img": "https://sevytr8081.cdn-nhncommerce.com/data/goods//16/07/27/1000000369/1000000369_magnify_017.jpg",
    "ingredient": "C/A 100%",
    "len": "120m",
    "needle": "대바늘 3.5~4mm, 코바늘 4/0호",
    "origin": "한국",
    "price": 197500,
    "url": "https://www.sevy.co.kr/goods/goods_view.php?goodsNo=1000000369"
  },
  {
    "yarn_sale_id": 98,
    "company": "올림푸스",
    "gram": "1볼 ±25g",
    "img": "https://sevytr8081.cdn-nhncommerce.com/data/goods/19/05/22/1000001225/1000001225_magnify_051.jpg",
    "ingredient": "면 19%, 레이욘 68%, 폴리에스테르 13% (라메6%)",
    "len": "102m",
    "needle": "레이스 코바늘 No.2~4호",
    "origin": "일본",
    "price": 10000,
    "url": "https://www.sevy.co.kr/goods/goods_view.php?goodsNo=1000001225"
  },
  {
    "yarn_sale_id": 99,
    "company": "필립섬유",
    "gram": "1볼 ±10g",
    "img": "https://sevytr8081.cdn-nhncommerce.com/data/goods//16/04/01/1000000287/1000000287_magnify_076.jpg",
    "ingredient": "프리미엄 아크릴 100%",
    "len": "36m",
    "needle": "대바늘 3.5~4.0mm, 코바늘 2/0호",
    "origin": "터키",
    "price": 10000,
    "url": "https://www.sevy.co.kr/goods/goods_view.php?goodsNo=1000000287"
  },
  {
    "yarn_sale_id": 100,
    "company": "올림푸스",
    "gram": "1볼 ±50g",
    "img": "https://sevytr8081.cdn-nhncommerce.com/data/goods/18/03/13/1000000830/1000000830_magnify_070.jpg",
    "ingredient": "이집트 면 100%",
    "len": "445m",
    "needle": "레이스용 코바늘 No.6~8호",
    "origin": "일본",
    "price": 23000,
    "url": "https://www.sevy.co.kr/goods/goods_view.php?goodsNo=1000000830"
  },
  {
    "yarn_sale_id": 101,
    "company": "올림푸스",
    "gram": "1볼 ±25g",
    "img": "https://sevytr8081.cdn-nhncommerce.com/data/goods/19/04/14/1000001159/1000001159_magnify_034.jpg",
    "ingredient": "면 100%",
    "len": "123m",
    "needle": "레이스용 코바늘 No.2호",
    "origin": "일본",
    "price": 10000,
    "url": "https://www.sevy.co.kr/goods/goods_view.php?goodsNo=1000001159"
  },
  {
    "yarn_sale_id": 102,
    "company": "필립섬유",
    "gram": "1볼 ±65g",
    "img": "https://sevytr8081.cdn-nhncommerce.com/data/goods/19/03/13/1000001149/1000001149_magnify_046.jpg",
    "ingredient": "면 30%, 비스코스 50%, 폴리에스테르 15%, 폴리아마드 5%",
    "len": "441m",
    "needle": "코바늘 5/0호",
    "origin": "이태리",
    "price": 6000,
    "url": "https://www.sevy.co.kr/goods/goods_view.php?goodsNo=1000001149"
  },
  {
    "yarn_sale_id": 103,
    "company": "올림푸스",
    "gram": "1볼 ±25g",
    "img": "https://sevytr8081.cdn-nhncommerce.com/data/goods/19/07/30/1000001285/1000001285_magnify_065.jpg",
    "ingredient": "이집트면100%",
    "len": "100m",
    "needle": "코바늘 2/0호",
    "origin": "일본",
    "price": 14000,
    "url": "https://www.sevy.co.kr/goods/goods_view.php?goodsNo=1000001285"
  },
  {
    "yarn_sale_id": 104,
    "company": "올림푸스",
    "gram": "1볼 ±30g",
    "img": "https://sevytr8081.cdn-nhncommerce.com/data/goods/19/07/30/1000001286/1000001286_magnify_072.jpg",
    "ingredient": "이집트 면 97%, 폴리에스테르 3%",
    "len": "118m",
    "needle": "레이스용 no.2~4호",
    "origin": "일본",
    "price": 15000,
    "url": "https://www.sevy.co.kr/goods/goods_view.php?goodsNo=1000001286"
  },
  {
    "yarn_sale_id": 105,
    "company": "올림푸스",
    "gram": "1볼 ±25g",
    "img": "https://sevytr8081.cdn-nhncommerce.com/data/goods/19/06/23/1000001246/1000001246_magnify_087.jpg",
    "ingredient": "이집트면100%",
    "len": "109m",
    "needle": "코바늘 2/0호",
    "origin": "일본",
    "price": 14000,
    "url": "https://www.sevy.co.kr/goods/goods_view.php?goodsNo=1000001246"
  },
  {
    "yarn_sale_id": 106,
    "company": "필립섬유",
    "gram": "1볼 ±250g",
    "img": "https://sevytr8081.cdn-nhncommerce.com/data/goods/19/04/15/1000001169/1000001169_magnify_020.jpg",
    "ingredient": "면 80%, 폴리에스터 20%",
    "len": "250m",
    "needle": "대바늘 5.0~7.0mm, 코바늘 5/0~7/0호",
    "origin": "터키",
    "price": 10000,
    "url": "https://www.sevy.co.kr/goods/goods_view.php?goodsNo=1000001169"
  },
  {
    "yarn_sale_id": 107,
    "company": "필립섬유",
    "gram": "1볼 ±200g",
    "img": "https://sevytr8081.cdn-nhncommerce.com/data/goods/21/10/40/1000002225/1000002225_magnify_093.jpg",
    "ingredient": "면 50%, 아크릴 50%",
    "len": "800m",
    "needle": "대바늘 3.0~3.5mm, 코바늘 5/0-6/0호",
    "origin": "터키",
    "price": 30000,
    "url": "https://www.sevy.co.kr/goods/goods_view.php?goodsNo=1000002225"
  },
  {
    "yarn_sale_id": 108,
    "company": "올림푸스",
    "gram": "1볼 ±30g",
    "img": "https://sevytr8081.cdn-nhncommerce.com/data/goods/19/06/23/1000001245/1000001245_magnify_024.jpg",
    "ingredient": "이집트면100%",
    "len": "97m",
    "needle": "코바늘 4/0~5/0호",
    "origin": "일본",
    "price": 13000,
    "url": "https://www.sevy.co.kr/goods/goods_view.php?goodsNo=1000001245"
  },
  {
    "yarn_sale_id": 109,
    "company": "올림푸스",
    "gram": "1볼 ±50g",
    "img": "https://sevytr8081.cdn-nhncommerce.com/data/goods/22/03/11/1000002462/1000002462_magnify_016.jpg",
    "ingredient": "이집트면100%",
    "len": "218m",
    "needle": "코바늘 2/0호",
    "origin": "일본",
    "price": 21000,
    "url": "https://www.sevy.co.kr/goods/goods_view.php?goodsNo=1000002462"
  },
  {
    "yarn_sale_id": 110,
    "company": "올림푸스",
    "gram": "1볼 ±25g",
    "img": "https://sevytr8081.cdn-nhncommerce.com/data/goods/22/04/16/1000002532/1000002532_magnify_059.jpg",
    "ingredient": "이집트면 97%, 폴리에스테르 3%",
    "len": "106m",
    "needle": "코바늘 2/0호",
    "origin": "일본",
    "price": 13000,
    "url": "https://www.sevy.co.kr/goods/goods_view.php?goodsNo=1000002532"
  },
  {
    "yarn_sale_id": 111,
    "company": "올림푸스",
    "gram": "1볼 ±50g",
    "img": "https://sevytr8081.cdn-nhncommerce.com/data/goods/18/03/13/1000000829/1000000829_magnify_040.jpg",
    "ingredient": "이집트 면 100%",
    "len": "445m",
    "needle": "레이스용 코바늘 No.6~8호",
    "origin": "일본",
    "price": 23000,
    "url": "https://www.sevy.co.kr/goods/goods_view.php?goodsNo=1000000829"
  }
]